P4,P5,P6,X,Y
0.12,0.0,0.0,0.0719789174603538,-0.08529372960504676
0.28,0.23,0.0,0.06682608846237588,-0.03553967156133002
0.0,0.0,0.19,-0.06304235935450912,-0.04900307038957143
0.0,0.0,0.97,-0.6112262039744458,-0.8665088439038307
1.45,0.0,1.72,-0.19141954101758235,-0.9923063187720448
0.68,0.0,0.68,-0.3504220470949785,-0.21902576390321848
0.0,1.52,0.68,-0.09743435328283237,0.0040853801073834906
1.44,0.0,1.7,-0.20947310260528346,-1.1029798204920123
0.0,0.0,0.67,-0.5109796772172478,-0.7740990194476659
0.0,1.03,1.4,-0.19232888825881325,-0.36802608251999913
0.0,0.0,0.91,-0.3684017191267316,-0.9889516433714888
0.99,0.1,0.0,0.28788777254535974,-0.42423311183484613
1.07,1.31,0.0,0.3404001460751146,0.1299935907068014
0.0,0.19,1.03,-0.4401834183202042,-0.9489481338438248
0.22,0.0,0.6,-0.4171703503167398,-0.6680592931050227
0.0,0.68,0.0,-0.3187770975777926,-0.37140204059061105
0.0,0.0,1.32,-0.38026227956310177,-0.5049539290995677
1.55,0.0,1.52,-0.17053899656242472,-1.45881339028525
1.27,0.0,1.47,-0.0477533858387678,-1.5339086796417853
0.0,0.0,0.86,-0.4659846004229634,-0.5651907990413387
0.78,0.29,0.0,-0.05559316263987437,-0.6172286553995444
0.0,0.24,1.26,-0.42691366359752386,-0.6837637207011005
0.79,0.46,0.0,-0.05853109702919978,0.10511474525392463
0.0,0.56,0.0,-0.19728466440772505,-0.7226535686588683
0.32,1.15,0.0,-0.3849728682027827,-0.18926870950332478
0.03,0.11,0.0,-0.2530524932616134,-0.6120290844199026
1.75,1.14,0.0,0.25159838207398655,-0.5846347406359783
1.66,0.0,0.0,0.17995868162834122,-0.52628890313577
0.0,1.53,1.2,-0.39470373713027673,-0.5313133427424913
1.46,0.2,0.0,0.20278432110011174,-0.6059770437712135
0.0,0.0,1.31,-0.5700669707476196,-0.787385632484314
1.21,0.0,1.68,-0.1412326542830885,-1.1970118495611795
1.44,0.0,1.13,-0.11175449484060712,-0.9312040632099485
1.59,0.0,0.47,0.07925678713494061,-0.7490289113540863
0.91,0.0,0.13,-0.1968391798254348,-0.4675500500645003
0.55,0.0,0.69,-0.39203804871288644,-0.8154821798774476
0.0,0.9,1.38,-0.2255565398086328,-0.35583326754438727
1.45,0.0,0.85,-0.14028752012726944,-1.0547224820211785
0.68,0.0,0.07,-0.174152611019792,-0.8288519025178832
0.53,0.0,1.04,-0.45639661399927456,-0.5929528774831847
0.0,1.76,0.55,-0.09199514809135845,-0.32509111223340476
1.56,0.0,0.21,0.26674488667848323,-0.7349057155109548
0.49,0.0,0.25,-0.3364645299390707,-0.7625674634677382
1.79,0.0,0.0,0.4219816783602948,-0.8473064090420782
0.01,0.77,0.0,-0.32111524694842936,-0.4305672918945793
0.36,0.57,0.0,-0.10637619402251333,-0.33065764764444744
1.41,0.0,1.67,-0.09720268983702085,-1.2880641965247293
0.56,0.23,0.0,-0.2621374524191201,-0.5676005798286667
1.31,1.25,0.0,0.07072237645623067,0.025893270521762615
1.75,1.69,0.0,0.2106207701153435,-0.6266912504160307
0.0,0.85,0.7,-0.4278630481077632,0.0553080452171731
0.85,0.0,0.39,-0.24367792774156216,-0.7861272601389305
1.76,0.0,0.25,0.29388801057509856,-0.7543945528807183
0.44,0.53,0.0,-0.20629075134359376,-0.6938110168960657
0.0,0.14,1.7,-0.4778445307829806,-0.337370672761549
0.18,0.0,0.0,-0.3384904870863736,-1.0314685372073327
0.99,0.0,0.0,-0.08014553587040804,-0.8067745195668523
0.46,0.0,1.23,-0.41575079201228193,-0.7985662414919614
0.0,0.29,0.0,-0.3395117502848987,-0.7181002326548726
1.18,0.54,0.0,0.03390826785000166,-0.628393277786376
0.0,1.68,0.0,-0.25934022304457716,-0.139778372430614
0.0,1.69,0.91,-0.12664731015016256,-0.30244136630069796
0.0,0.0,0.98,-0.32597961767851824,-0.8107176029437981
0.0,0.99,0.0,-0.17146378375537424,-0.31181963904168286
1.67,0.6,0.0,0.10794633280525517,-0.43268597595306546
1.7,0.0,0.68,0.029525426274502123,-1.1551544452722078
0.0,0.13,1.15,-0.468467560877516,-0.8349692507217022
0.81,0.0,0.0,-0.1890938851541905,-0.6390711386410804
0.41,0.0,0.03,-0.14861570960951043,-0.6578762959336529
0.0,1.25,1.78,-0.29524588375816013,-0.7411420530411179
1.34,1.52,0.0,0.15425332358498958,-0.16949497211486766
0.0,1.73,0.69,-0.23217919435537757,-0.05120340221020592
1.03,0.0,0.65,-0.054290802379737185,-0.2598385519072586
1.5,0.0,0.15,0.17735511099631754,-0.9302523581401639
0.0,0.18,1.28,-0.4578226223841835,-0.23918435094037183
1.45,1.25,0.0,0.17168498035523758,-0.6587718650788803
0.93,1.58,0.0,0.06654561635244723,-0.49101677115870057
0.29,0.07,0.0,-0.37016398126200795,-0.6071502517029369
0.0,1.78,0.17,-0.34503017775666944,0.12587904502581643
0.0,1.06,1.61,-0.2543479869477621,-0.7513872062705252
0.13,0.0,0.99,-0.4738986766562498,-0.4408555894574836
0.54,0.85,0.0,-0.20242205114031633,-0.09176557903309052
1.44,0.0,1.19,-0.11215448887079271,-1.2319932118055676
1.15,0.77,0.0,0.26274487191624224,-0.5637015578289549
0.01,0.0,0.61,-0.34969613409704003,-0.6275137733067261
0.0,0.79,1.67,-0.10241264669785063,-0.7885298230008093
1.03,0.0,0.3,-0.13789573794324916,-0.759150626845639
1.14,0.0,0.98,-0.0582197794138488,-0.5907090980094913
1.16,1.08,0.0,0.39252464472816595,-0.4647151444327633
0.0,1.33,1.48,-0.3145748445034822,-0.6672062646218719
0.0,1.32,0.64,-0.03890035893096708,-0.4054493460178852
0.0,0.03,0.92,-0.29594242649866664,-0.7820343775419423
0.0,0.47,1.37,-0.4585525594599324,-0.3309767614489077
0.0,0.55,1.15,-0.44568796978412656,-0.201885219649381
1.68,1.55,0.0,0.09125631729315377,-0.3760171696423521
0.0,0.89,0.35,-0.28788194255539507,-0.39736093022327645
0.3,0.49,0.0,-0.2123438821147029,-0.461388840456748
0.0,0.83,1.1,-0.20380553511022506,-0.5315218350374291
1.18,0.0,0.0,0.12549449783364375,-0.7277557698007139
1.48,0.0,1.26,-0.08769242384343631,-1.4271159967216924
0.0,1.68,0.38,-0.1675588639321971,-0.3930236868333891
1.73,1.03,0.0,0.0685811185157241,-0.16597396379971385
0.59,0.31,0.0,-0.289523660308307,-0.577330110078181
0.0,0.94,0.48,-0.3222484888529996,-0.3909977815028989
1.14,1.32,0.0,-0.01864915594357486,-0.13741517583629964
0.0,0.99,0.5,-0.29582818269624334,-0.43183927580410686
0.81,0.01,0.0,-0.0965139247261956,-0.43662907549421154
0.0,1.13,0.71,-0.25119184722251753,-0.32368268970130837
0.0,0.54,0.4,-0.39052344246327275,-0.3903262848331119
1.22,0.0,1.01,-0.12244644701324955,-0.9743282439016572
0.0,0.0,0.15,-0.32601337214155335,-1.1218410791693338
1.56,0.0,0.0,0.10968254592080523,-1.0658807822227887
0.0,0.0,0.5,-0.41214841217850495,-1.070916496476279
1.74,0.0,0.68,-0.04597569959010603,-1.0669544667980944
1.04,0.0,1.68,-0.21140239020141635,-1.145046101417634
0.0,0.0,0.4,-0.42410797407803447,-0.6730867393801605
1.77,0.03,0.0,0.35799385655203936,-0.9634399640363797
0.4,0.0,1.56,-0.5625634400740069,-0.480826182813249
0.22,1.55,0.0,-0.25347600922160585,0.26381306009041267
0.0,0.0,0.6,-0.34754742641199726,-0.7478600152569802
0.0,0.0,1.16,-0.37730132062896815,-0.6532416378444332
0.16,0.78,0.0,-0.1975743418913734,-0.2492442509819787
1.51,0.93,0.0,0.06170538860641387,-0.3757263962979962
1.18,1.46,0.0,0.20125306666837098,-0.2396647708156578
0.0,1.24,1.26,-0.36647132987529496,-0.6389647910734253
1.63,0.55,0.0,0.20102953356087225,-0.9441207497419312
0.91,1.24,0.0,0.07115272521616768,-0.10809693797769074
0.0,1.27,1.0,-0.19205759787743845,-0.6078217447756078
1.74,0.09,0.0,0.30468331070753224,-1.1574165374483496
0.0,0.47,0.0,-0.247264172819787,-0.5554238223328339
0.0,1.1,0.65,-0.2875675786772181,-0.38788584319745156
1.31,0.23,0.0,0.11770088546878765,-0.7758778829712029
0.0,0.36,1.38,-0.384018826269541,-0.6230391135699841
0.0,0.57,1.49,-0.36099819779408954,-0.28122576041184083
1.67,0.0,1.4,0.011579738121083472,-1.2782420020963423
0.38,1.15,0.0,-0.20937771140482975,0.1435392354561153
0.0,0.11,1.65,-0.2599437529773353,-0.4080811655542928
1.63,0.86,0.0,0.2363324362038069,-0.5836907712814188
0.0,1.47,1.59,-0.3501355869247561,-0.6571138658708825
1.23,0.92,0.0,0.010248167049621244,-0.20798481283974726
1.8,0.0,1.12,-0.10161479339842384,-1.025492275264861
0.0,1.64,1.64,-0.3278498500112298,-0.6788217606570176
1.22,1.76,0.0,0.08574323024337635,-0.03798440715997861
0.0,0.66,1.03,-0.22107057646697073,-0.8120623070158435
0.0,0.0,1.22,-0.2454237132113603,-0.5258567441374432
0.0,1.45,0.69,-0.1611432469007024,-0.5460293052982637
0.0,0.0,0.91,-0.2799060111239489,-0.8223102791923522
0.0,0.12,0.46,-0.32407885419695115,-0.7548410427665965
1.55,1.27,0.0,0.06406577631993829,-0.42748021677265036
1.16,0.0,1.21,-0.06412403601604313,-1.0119700620938958
0.92,0.0,0.81,-0.19445322603699497,-0.6723114304303676
1.03,0.0,0.0,-0.03275695375064399,-0.4560860283829503
1.14,0.0,1.03,-0.0098619707077592,-0.527309395444836
0.57,0.82,0.0,-0.02742163241722027,-0.7333971108700629
0.2,0.0,1.04,-0.29443091393369836,-0.758230709216512
0.0,0.67,1.68,-0.1703593849441365,-0.7803630453080583
0.0,1.1,0.0,-0.1220310409540605,-0.4750548404037368
0.0,0.35,0.62,-0.49090111192791347,-0.5703239940617493
1.64,0.9,0.0,0.2682749674667276,-0.5337324722911272
0.0,0.0,0.75,-0.3676552570571348,-0.5996830622449517
0.41,0.0,0.29,-0.3735778013988268,-0.37496442586662604
0.0,1.54,0.0,-0.11527301660618337,-0.14635626996920462
0.0,1.7,0.0,-0.13008650793735466,-0.14731164189136306
0.0,0.26,1.78,-0.1313536429651847,-0.8339335658880672
0.34,0.0,0.0,-0.3029142073095301,-0.6433351097466301
0.0,1.05,1.03,-0.23949767013160808,-0.7918106856987749
0.0,1.13,1.2,-0.3978222501554484,-0.3682376056484682
0.0,1.45,1.36,-0.3875157476377304,-0.35412235660460023
0.79,0.0,1.28,-0.16565408039970292,-0.6049886596980162
0.0,0.82,0.88,-0.38206581951400087,-0.6359472156665056
0.0,0.36,0.0,-0.35819645813884704,-0.5540328094786824
1.4,0.5,0.0,0.22032656866979464,-0.775123549333495
0.0,0.43,1.25,-0.38570411118771103,-0.31615015093806614
0.0,0.0,0.66,-0.38019347273072235,-0.7456309474899274
0.0,0.35,0.61,-0.40527484214632825,-0.7325025838603486
1.48,0.0,0.0,0.05279904588022673,-0.5420199190786075
1.55,1.63,0.0,0.011075515354755684,-0.2710885926952653
1.47,0.0,0.48,-0.006531234338498781,-1.077711675640556
0.48,0.0,0.14,-0.1938778109631188,-1.0293923718189648
1.67,0.0,0.57,0.1868847530153243,-0.9288547112838741
0.0,0.76,0.99,-0.5263445088148365,-0.32163810389835823
0.0,1.44,0.38,-0.29286324378743117,0.013458555668173472
1.39,0.0,0.34,-0.11369212264151728,-0.66338438540474
1.65,1.76,0.0,0.2001275875417052,-0.43088355261057804
0.0,1.4,0.0,-0.21180040963754262,-0.0123386872572014
0.0,0.6,0.27,-0.2308716444006222,-0.5581772084067139
0.0,0.02,0.0,-0.38651911365779357,-0.6805109673002192
1.09,0.77,0.0,0.0433303351003418,-0.41061443480794724
0.46,0.0,1.2,-0.21899415360840102,-0.7143629837713389
0.65,1.02,0.0,-0.02237969512688637,-0.2907405393389303
0.0,0.89,0.0,-0.3219279452431718,-0.5963120642038391
1.34,0.92,0.0,0.04898962414318301,-0.6079607268044941
0.0,1.66,0.01,-0.20209662521444952,-0.2119914149802837
1.61,1.47,0.0,0.0123736929619024,-0.5127047042605697
0.75,0.63,0.0,-0.2267279845223347,-0.3708646222767059
1.6,1.04,0.0,0.2539862287557291,-0.5968700744708934
0.0,0.46,1.62,-0.216425327938717,-0.7183402537226913
0.0,0.62,0.14,-0.19160673821812324,-0.4976320291250204
0.12,0.74,0.0,-0.09863770394775212,-0.34068195283761404
0.24,1.01,0.0,-0.11978421525869246,-0.2365071582346934
0.22,0.0,0.0,-0.3533978011605177,-0.5442202090783498
1.2,0.26,0.0,-0.12054305660460565,-0.3082714217734084
0.0,1.59,0.33,-0.19510707497329843,-0.5153339489683758
0.22,0.0,0.0,-0.2575517406928598,-0.4593827625997566
0.0,0.69,0.63,-0.4691056647068746,-0.4511432463833187
1.66,0.01,0.0,0.10609341741528869,-0.8222294207851792
0.09,0.0,1.46,-0.403950676748151,-0.7660608431980789
0.77,0.05,0.0,-0.03164983224748423,-0.7211282538468987
0.45,1.13,0.0,-0.14324541904781124,-0.1618906545037495
0.0,1.78,0.0,-0.15492705533260803,-0.25789396299739503
0.0,1.13,0.0,-0.0785342452100608,-0.2277794957415442
0.17,0.0,0.54,-0.19363848929745375,-0.5091148341689468
1.05,0.0,1.02,-0.10207898954119522,-0.7865608301264957
0.0,1.07,1.11,-0.1599399428220825,-0.5638976113993895
1.51,0.0,0.71,0.1853007645169514,-1.0259065435940111
0.03,0.0,0.16,-0.3364477192737189,-1.0055375444131143
1.46,0.0,0.26,0.054198665123208575,-0.9280830449706712
1.34,0.0,0.0,0.09864780879531693,-0.8034717373062157
0.51,1.11,0.0,-0.09721531332600229,-0.28605871204698974
0.0,1.11,0.09,-0.36518682116041684,-0.17817623124959853
1.0,0.68,0.0,0.05567522606081075,-0.2348340984660036
0.0,0.23,0.0,-0.2600902246696088,-0.9529074419238284
1.25,0.78,0.0,0.15581869260487166,-0.33851812873753806
0.0,1.24,0.0,-0.332125457283748,-0.19816253763735125
1.27,0.13,0.0,0.1298224748489054,-0.42097424074587775
0.31,0.0,1.44,-0.2823273129829286,-0.9654183943212229
0.0,1.11,1.25,-0.18209938389799313,-0.7173589224681555
0.0,0.47,0.01,-0.2370528644194289,-0.2846767222285548
0.37,0.68,0.0,-0.1820398276523421,-0.2467154343650921
1.25,0.98,0.0,0.24427564182496353,-0.7089515650477981
0.0,0.28,1.26,-0.4353952336484417,-0.4803189625484332
0.0,1.75,0.27,-0.0761100382877926,-0.3299503623608423
1.71,1.68,0.0,0.1532858249689432,-0.36561180033992124
0.79,0.0,0.0,-0.07716818672000464,-0.593486224525716
0.44,0.0,0.69,-0.39582600222133535,-0.40613960545231387
0.0,1.6,1.44,-0.2537998461100377,-0.8690033593343682
0.0,1.11,1.53,-0.4192692268290459,-0.7202062394465276
1.11,0.98,0.0,0.05582795393741388,-0.4550319850764527
0.46,0.0,0.43,-0.1553393509080694,-0.6603895099044514
0.0,1.18,0.0,-0.1608721586330834,-0.17186595565317153
1.43,0.0,1.41,-0.1636102622646763,-1.2138662263893805
0.35,0.0,1.02,-0.35579479082344356,-0.5865151944514935
1.16,0.0,0.0,-0.061590903783615966,-0.4957200698280808
0.0,1.8,1.46,-0.3655486847344942,-0.5784648908877967
0.29,0.0,0.0,-0.31137378035313695,-0.7307218793198311
0.0,0.76,0.13,-0.34852918221669915,-0.5817263468902623
0.0,0.87,0.33,-0.3603484554224467,-0.2436724528967161
0.0,1.25,0.08,-0.14524260023602723,-0.20760294104612392
0.26,0.0,0.0,-0.3650225719337653,-0.4864310769412955
0.0,0.0,0.96,-0.41739684789550113,-0.3077887498623596
1.39,0.0,0.82,-0.3119467142936779,-0.6971723803351739
1.43,0.73,0.0,0.19067344884288256,-0.5213026645437834
0.0,0.85,0.0,-0.29729157930361555,-0.32998430838275034
1.74,1.66,0.0,-0.013207546811488925,-0.2166504025117741
0.02,0.0,0.0,-0.304054314886709,-0.6598399376762794
0.07,0.0,0.0,-0.3042607852612522,-0.5231411453561406
0.0,0.66,0.44,-0.28450613376233863,-0.6012806755984346
0.51,1.52,0.0,0.08357547373441118,-0.3859068280157691
0.0,1.4,0.21,-0.1663596970496709,-0.32132760115700953
0.0,0.38,0.0,-0.3737095292198842,-0.22922104667054458
1.58,0.0,1.15,0.05452919979631334,-1.0708309583880902
0.0,0.1,1.39,-0.4262645304233514,-0.7928585764417216
0.0,1.44,0.81,-0.2538948781785631,-0.5297869820030789
0.31,0.58,0.0,-0.1530028193431475,-0.5276221482352971
0.0,1.7,0.0,-0.11309622542600106,-0.2783198122326469
1.21,0.0,1.45,-0.24002923504827525,-0.9653675756091322
0.0,0.0,0.63,-0.2422531430222081,-0.6943180640838977
0.0,1.01,0.4,-0.17647423615224533,-0.3656102361778441
1.19,0.0,1.4,-0.020107344097863345,-0.9891924867690101
1.36,0.0,0.69,0.10754670112817645,-0.8721754398377841
1.75,0.81,0.0,0.14187435512266755,-0.4778693924170405
1.21,0.73,0.0,0.21193454500760217,-0.4918629511977922
1.48,0.0,1.5,-0.11114842478172525,-1.0616663963628794
1.21,0.0,1.01,-0.1883567692679245,-1.1204478635317334
1.4,0.0,1.3,-0.05263354104440012,-0.8039615632685762
0.0,0.59,0.85,-0.2760735826681443,-0.6269399500753289
0.0,0.0,0.4,-0.38530594785427397,-0.4016448768826488
0.0,1.61,0.83,-0.13176620975743356,-0.46044821023677507
0.8,0.07,0.0,-0.01448964199939623,-0.4914293469670248
1.63,0.08,0.0,0.19381687914887927,-0.748543520470559
0.0,0.14,0.0,-0.3007598564095267,-0.7629762327274588
0.9,0.0,0.34,-0.22635435456263145,-0.5449213203649933
0.0,0.87,0.03,-0.2665311828419017,-0.6591976363137553
0.0,0.92,0.0,-0.1558292635898457,-0.5157806696092244
0.86,1.61,0.0,-0.020195703095652686,-0.4749727000838433
0.01,0.9,0.0,-0.27720973446873837,-0.38307428559890333
0.53,0.0,0.19,-0.24454985774485716,-0.4333359351896987
0.48,0.0,1.55,-0.2685685188911543,-1.1510804567722606
0.84,0.26,0.0,0.06697212508766558,-0.6507120272354736
0.42,0.0,1.66,-0.20487178554254715,-0.8126227082098583
0.02,0.0,1.55,-0.22623898862431013,-0.7377304583605002
0.0,0.0,0.14,-0.3948582937743246,-0.5912036868139661
0.0,0.0,1.53,-0.34476209964006066,-1.0365658154766206
0.63,0.28,0.0,-0.15391062231166552,-0.32674629737948596
0.57,0.0,0.6,-0.3487748067547565,-0.28501103996638005
0.0,1.59,0.0,0.03480198312272967,-0.33845398510099167
0.0,0.0,1.06,-0.16392211244853694,-0.4490242903557087
0.0,1.27,0.93,-0.19598666513438573,-0.5882032316788759
0.0,0.66,0.67,-0.07006813340724569,-0.9003458332306213
0.0,0.29,0.12,-0.3610461440607425,-0.5740638335574391
1.55,0.0,0.37,-0.17499893505292174,-0.6308226096787819
0.0,0.0,0.06,-0.33599469095622186,-0.8332899184616932
0.0,0.0,1.15,-0.41801356331340433,-0.46761832056265684
0.68,0.0,1.59,-0.15240746124296323,-0.8608662481681107
1.16,0.0,0.0,0.15808070265569446,-0.9476117211785782
1.7,1.47,0.0,0.17115367877222096,-0.39726328897725904
0.25,0.13,0.0,-0.17916089470067662,-0.8077914912302129
0.0,0.0,0.65,-0.2911669692715508,-0.7087793524425045
0.57,0.0,1.36,-0.15630622215686232,-1.042151816505023
0.62,0.15,0.0,-0.15493132327911055,-0.519473381065795
0.0,0.09,1.76,-0.23864121714638503,-0.7782473932772579
0.54,0.0,0.0,-0.23080491675217454,-0.5327778022554126
0.64,1.3,0.0,0.13477835032298194,-0.29595673832278224
0.0,0.17,0.0,-0.23435599193536016,-0.6715834869869981
0.19,0.0,0.0,-0.22574540088907816,-0.5546929322315459
0.0,0.0,1.25,-0.38890734954599604,-0.4450442454523429
0.39,0.09,0.0,-0.17001239229638768,-0.7677592456614442
1.58,1.1,0.0,0.05233636471612355,-0.5426183902711265
0.0,0.49,1.07,-0.39329879513873817,-0.7824182530867088
0.91,1.57,0.0,-0.05594785732489786,-0.17459926314654584
0.0,0.53,0.83,-0.43884914851372947,-0.4260227815952452
0.01,0.0,0.0,-0.3759168635144653,-0.6815676848757064
1.63,0.0,0.11,0.09164236883552908,-1.1278544978135394
0.0,1.52,1.29,-0.3856820776544335,-0.574653460993312
0.71,0.0,1.53,-0.25108334367019647,-1.0301928269385516
0.0,0.41,0.9,-0.33703290207099673,-0.5856269765751952
0.99,0.2,0.0,0.09611704131920974,-0.8021168863198292
0.53,0.59,0.0,-0.023635591030602712,-0.45493325515610866
1.7,0.0,0.33,0.1045835683912989,-1.0295857597776494
0.38,0.0,0.62,-0.2357859931352182,-0.595086057934695
0.0,1.53,0.15,-0.1948966378151107,-0.4456700795581585
0.0,0.51,0.29,-0.40652860037274724,-0.24353182092533104
0.0,0.0,0.64,-0.45348896282986567,-0.23268453809337578
0.0,1.41,0.0,-0.2287249012889987,-0.03367257882603125
0.1,0.0,0.12,-0.31102255143753127,-0.8609709842476259
1.37,1.58,0.0,0.048443107473399326,-0.31643116810288163
0.0,0.26,0.0,-0.3419246769395946,-0.49660983535710645
0.58,0.0,0.87,-0.29001490351272846,-0.9342073567592344
0.0,0.05,1.77,-0.28811056480290387,-0.7525147304554376
1.7,0.0,0.26,0.15107034341977493,-1.1201290335264193
0.83,0.0,0.11,-0.003742746354267225,-0.8338042856371921
0.5,1.71,0.0,0.011996230267303454,-0.25364070333990124
1.69,1.38,0.0,0.10613257525746733,-0.570137596803677
1.2,0.81,0.0,-0.0942574996778199,-0.18950443794552907
1.15,0.0,1.55,-0.17282722013170543,-1.4045479769707925
0.0,0.71,1.3,-0.28300275761249727,-0.6178164731531955
0.27,0.0,1.28,-0.30808692211498323,-0.6275069702360038
1.34,0.0,0.0,0.04329303717895645,-0.7031721886515854
0.0,0.0,0.41,-0.42917459803347435,-0.40711511275556417
1.68,1.31,0.0,0.1761269074587063,-0.640638027239339
0.74,0.41,0.0,-0.06386476697452721,-0.5870669353465292
0.0,0.23,1.64,-0.3604289316380168,-0.7920489866132929
0.0,0.02,0.58,-0.41569011842980397,-0.3122258698264929
0.0,1.31,0.77,-0.33331922930716706,-0.45849403053498744
0.0,0.79,1.52,-0.30413388228964866,-0.5475528275534653
0.0,1.55,1.62,-0.2631989574133844,-0.892182000032676
0.51,0.0,1.48,-0.1700536832464164,-0.9588955230348324
1.38,0.0,1.47,-0.22678010003146198,-1.0826098324105422
0.0,0.54,1.54,-0.25780071430317003,-0.7063761793587153
0.24,0.0,0.0,-0.3726452797644071,-0.5811687874304861
1.77,0.0,0.7,0.17407549892084773,-1.1216494861245738
1.5,0.0,0.0,0.1914244664891056,-0.8182121196406289
0.95,0.0,1.72,-0.202624932938898,-0.9526236136730046
0.0,1.07,0.11,-0.3260671914363481,-0.24175394527835245
1.62,0.18,0.0,0.3296692545985363,-0.6942060083314862
1.25,0.0,0.69,0.012373851518851443,-0.8232549813499548
0.0,1.36,1.76,-0.3708294758181514,-0.9452464417978214
0.0,0.0,0.13,-0.323780755680819,-0.8790111020445399
0.0,1.44,0.8,-0.42768014017198414,-0.3437011789246639
0.0,1.78,0.72,-0.27774730645185286,-0.3490837001705832
0.17,0.0,0.44,-0.3615351377510352,-0.8870610148775272
0.5,0.0,1.32,-0.2250373293843853,-1.1270893951397098
1.62,0.0,1.74,-0.1727140892079482,-1.2106081982048897
1.31,0.71,0.0,0.1344001942052325,-0.5357147168404224
1.09,0.0,0.0,-0.025399822940570818,-0.7598691369257325
0.0,0.71,0.03,-0.12925692471120315,-0.4350553697219076
0.0,0.0,1.46,-0.2585595470436801,-1.0393986782448672
0.0,0.83,0.47,-0.2106390324471707,-0.4865365315756067
1.59,0.56,0.0,0.20261379434294152,-0.780392578924174
0.22,1.07,0.0,-0.15624941063263523,-0.3178067484896516
1.05,0.42,0.0,0.024676704537019423,-0.4986573770131916
0.0,0.0,1.2,-0.3269181477447313,-0.5151779072655058
1.2,0.0,1.27,-0.27284501846759485,-0.9281771680084141
0.09,0.0,0.31,-0.3652651286307739,-0.8900575928875158
0.0,1.14,0.0,-0.28063452305733855,-0.21762781424171232
1.47,0.0,0.01,0.2618190217272774,-0.753348530124634
1.28,0.0,0.63,0.07603573649354203,-1.1411388703048728
1.16,0.0,0.0,0.15249846333530437,-0.8887303503124308
0.4,0.0,0.06,-0.3229624112897765,-0.8029900277631083
0.29,0.0,1.4,-0.21093496724435135,-0.7995953942432312
0.0,1.67,0.3,-0.14499519076782555,-0.4731541873272345
1.13,1.48,0.0,0.1583093435645563,-0.3605486897058835
0.1,0.53,0.0,-0.23902555486567642,-0.3256555905597596
1.15,1.22,0.0,0.045855545080914335,-0.5562825357459448
1.63,1.26,0.0,0.03172692196258639,-0.2834176093538167
1.47,0.98,0.0,0.045142384548932844,-0.1509358261513571
1.46,0.0,0.0,0.014518300473664291,-0.6196011459638416
0.0,0.19,0.0,-0.23784383173042603,-1.0343992468765537
0.0,0.33,0.46,-0.3827563028111198,-0.6174645814639457
0.0,0.0,0.79,-0.34731029185956097,-0.6496920765744626
0.89,0.0,0.0,0.043238301228730305,-1.1584253612183661
0.0,1.32,0.81,-0.2552666474799451,-0.7371511273860331
0.0,1.13,1.16,-0.19348405394097162,-0.5218797946711287
0.83,0.0,1.33,-0.10808009676089289,-1.1330368798788037
1.45,0.0,1.74,-0.27419308571707157,-0.8336427659358181
0.0,0.0,1.29,-0.34886358896923814,-0.6825855780623415
0.0,0.22,1.05,-0.30198055348924885,-0.7743565617312049
0.83,0.0,0.56,-0.1261800142379633,-0.4118209008070878
1.22,0.0,0.95,0.027368049726651078,-0.7952461143952838
0.24,1.43,0.0,-0.07173517605053312,-0.010256542880090758
0.0,0.0,1.43,-0.28208251441198856,-0.4092029355656473
0.0,0.87,1.46,-0.267242061579725,-0.6520512918966114
1.73,0.0,0.0,0.3117347107305854,-1.0592636530961919
1.49,0.0,1.17,-0.20424481431289654,-0.9655519187879569
0.25,0.0,0.2,-0.21272787373830984,-1.0746242197034972
0.0,0.85,0.0,-0.14317041950905415,-0.6056769257006905
0.0,1.39,0.63,-0.2892488091725503,-0.59223384825525
1.12,0.0,0.54,-0.046810433922929176,-0.7750240210851889
0.0,0.09,0.6,-0.40574160339854765,-0.5558163106430991
0.0,0.0,1.11,-0.4941548670800033,-0.38433969418380776
0.31,1.25,0.0,0.04934640408274937,-0.22074765721596357
0.89,1.51,0.0,0.03456494479279694,-0.476087915883815
0.13,0.0,0.3,-0.2266518289356442,-1.0104963693713673
0.72,0.0,0.0,-0.17550800432678065,-0.49157009378345845
1.63,0.0,0.86,-0.049643085489166114,-0.9124669548267952
1.67,1.41,0.0,0.09407144092420483,-0.3134731066708488
1.37,0.57,0.0,0.09336348466348124,-0.491176707543633
0.61,0.0,0.12,-0.15855200741321054,-0.6170300333454969
0.0,1.54,1.65,-0.2830449702165721,-0.7160605641106695
1.26,0.0,1.48,-0.14193222774424682,-0.9517564993911838
0.0,0.78,0.0,-0.12100757219373517,-0.37264949379762924
0.64,0.0,1.5,-0.3586750122296897,-0.6579867800271129
1.36,0.0,1.73,-0.28878236574326466,-1.0255537805254815
0.43,0.48,0.0,-0.022062298185854912,-0.6168642271590293
0.0,0.96,1.04,-0.3093036358201169,-0.463439517180119
0.0,1.3,0.61,-0.17558456057979518,-0.22065913478665805
0.0,0.2,0.54,-0.3721098097854533,-0.49143078319817424
0.0,0.52,1.74,-0.2803519331483678,-0.768867454823796
1.79,0.0,0.0,0.32938217359844524,-1.080300190084652
0.58,0.0,0.0,-0.11106045625095506,-0.9482693030440091
1.49,0.0,0.51,-0.03974521136223344,-0.8407632404674791
0.0,0.07,0.0,-0.27271282863845303,-0.7196852270589766
0.07,0.0,0.0,-0.2466455721833557,-0.7102380887630841
0.0,1.25,0.45,-0.17060393836902818,-0.8028367740792614
0.34,0.0,0.0,-0.24521480204355525,-0.6686173097198955
0.0,0.0,0.79,-0.22640010335338212,-0.8021555518422676
0.75,0.0,0.42,-0.091076273189585,-0.9172800702785529
1.55,0.0,0.44,0.04119172471397972,-1.0860110010086044
0.64,0.19,0.0,-0.1236219425292151,-0.9497934115988922
1.07,1.04,0.0,0.10564786042384114,-0.6242177611960632
0.0,1.31,0.7,-0.28308598947092367,-0.43142309724316796
0.0,0.79,0.0,-0.3118451485848352,-0.15679697151524677
0.0,0.0,0.01,-0.3709945301456503,-0.749448972480354
0.0,0.53,0.29,-0.3910105907967802,-0.3410162360495499
0.77,0.49,0.0,0.027325923108743624,-0.4831455728637181
0.37,0.28,0.0,-0.2753195872405355,-0.35151742036763056
0.47,0.0,1.34,-0.46791507888476785,-0.6425137725395759
0.39,0.0,0.77,-0.2531115890712401,-0.7116541255013931
0.0,0.38,0.0,-0.29064447879312794,-0.6295432227042047
0.0,1.36,1.69,-0.43135293679096304,-0.5225320234834497
0.52,0.71,0.0,-0.04004897357486907,-0.6411294810773444
0.0,0.68,0.0,-0.2943932951030829,-0.15407239684073207
0.46,1.1,0.0,-0.2201087392993267,0.04984503902627285
1.56,0.0,0.0,0.24172163394882779,-1.1454887036997323
0.0,0.0,0.58,-0.3213236830634189,-0.6235026643016348
1.75,0.0,0.0,0.20451152723588809,-1.2362443823773432
0.0,1.3,1.66,-0.26246918719524326,-0.8225966663407771
1.76,0.0,0.78,0.10521842333713963,-1.0627086513484325
0.0,1.58,1.0,-0.2786445900643702,-0.1489325737827092
1.3,0.0,0.31,-0.10126237744110325,-0.6396075542238127
1.61,0.0,0.93,-0.045090633702116655,-0.9244518480216688
1.18,0.0,0.15,-0.07219188110889259,-0.5104399475993181
1.75,1.53,0.0,0.2120728067448833,-0.48822538950433964
0.02,1.43,0.0,-0.27041988447261417,0.09845404777980966
0.47,0.92,0.0,-0.0021739565853887075,-0.10425608699873774
1.08,0.54,0.0,0.05274013608765766,-0.4259271072519002
1.15,0.0,0.24,0.04765817346215061,-0.5790479708468257
0.0,0.08,1.66,-0.19203024781625017,-0.7031020675936748
0.0,1.21,0.9,-0.15571717120770964,-0.45455224829148644
1.35,0.0,0.35,0.22366060877604077,-0.7772742798468044
0.07,0.0,0.65,-0.17165344505280766,-0.9507115602507441
0.0,0.0,0.01,-0.24215794980591943,-1.0366828196927096
1.43,0.09,0.0,0.2725198460192215,-0.904938962729714
0.0,0.0,1.74,-0.3426040272027194,-0.7708695904990808
0.0,0.59,0.16,-0.21488239432002273,-0.3607704915265132
0.14,0.0,1.31,-0.16825642066620344,-0.64211322249643
0.28,1.25,0.0,-0.04067682930381988,-0.1408279238493468
0.0,1.8,0.38,-0.31294882234654775,-0.09930158343217113
0.24,0.0,1.25,-0.26374557804350357,-0.61475588530751
0.37,0.0,0.97,-0.3926581895701983,-0.40988823784563627
0.17,0.12,0.0,-0.20711227464013565,-1.0535338638063312
0.88,0.0,1.64,-0.13931857589984173,-1.048213343804842
0.89,0.0,1.74,-0.07255257722180229,-0.9627604312792812
0.0,1.3,0.0,-0.18016564781654137,-0.21796677158044356
0.0,0.3,0.0,-0.32849668963972944,-0.6808911040516382
1.74,0.0,0.63,-0.024248825645088002,-0.8720673949157097
0.0,0.36,1.43,-0.45936187939858725,-0.5403140047013524
0.0,0.92,0.98,-0.3636153929124309,-0.31543060410464996
1.45,0.77,0.0,0.11900813752850485,-0.6310994889871343
0.31,0.11,0.0,-0.35400340050781953,-0.6284651344573028
1.22,0.0,0.06,0.08713168863962205,-0.5915674662162237
0.0,1.55,1.62,-0.3461797189776183,-0.680191878998212
0.0,1.55,1.62,-0.36324255589860577,-0.5611987157001842
