P1,P2,P3,X,Y
0.0,0.62,0.2,0.015182893543929366,0.20961676008610922
0.37,1.43,0.0,1.9603664048306406,0.15217255848859867
1.13,0.0,1.18,-1.8998876652097982,-0.4291190804523993
1.41,0.84,0.0,0.3430002496503973,-2.2104680597064252
1.7,0.0,1.39,-2.443905690480248,-2.5843208467573664
0.45,0.19,0.0,-0.6363499028170377,0.06247038837677469
0.34,0.0,0.77,-1.361522924351727,0.5697374761395549
1.71,1.79,0.0,1.9032028587569616,-3.2677350549326163
0.04,0.27,0.0,-0.27343411317591193,0.3615839281535309
0.0,1.26,0.6,0.5784356851455603,1.379595093986466
1.78,1.52,0.0,1.5883166586959545,-3.358810093771237
0.0,1.71,1.68,-0.4135503593175439,3.2002069833130373
0.42,0.37,0.0,-0.2324647032915312,0.28803504858741596
0.0,1.22,0.0,0.7732752506532342,0.6572765636898166
0.58,0.0,0.71,-0.7989439632898262,0.597685933421143
0.0,0.74,1.35,-2.0313560110814395,2.307267881426367
0.0,1.62,1.18,0.19449200663233326,3.063327664137677
0.0,1.37,0.15,1.2307847612439307,1.6069655478621743
0.39,0.0,0.0,-0.3656338294491396,0.3870325621237525
1.79,0.0,0.52,-1.5945962281432053,-3.2428733766601585
0.0,1.28,1.67,-2.6526891629747005,2.9180817177157543
0.52,0.0,1.38,-3.303822655459683,1.6920352294176406
0.15,0.0,1.25,-3.0469006185421645,1.4272108903392295
0.0,1.64,1.14,-0.3028821615510205,2.7208521240519756
0.0,0.05,0.08,-0.6094043151685296,0.6711882740323462
0.26,0.0,0.0,-0.535369726882965,0.602899573892257
1.14,0.0,1.71,-4.330106754013714,1.0063576265481242
0.64,1.7,0.0,2.1219057315126664,0.20535049769161454
1.7,0.0,1.51,-3.1814406028192774,-1.7222618486239403
0.1,0.73,0.0,-0.11759226400813788,0.6209264792023836
0.0,0.92,1.37,-1.7003563691828412,2.3140082191758338
0.0,1.41,1.01,-0.11573420437042115,2.1165669419618927
1.66,0.0,1.45,-3.4159753613567356,-0.6829977276007637
0.02,1.43,0.0,1.115179705259627,1.2823968933829892
0.5,0.0,0.06,-0.5035539741400445,0.5412505909292449
0.01,0.0,0.09,-0.31492098975438115,0.632655744205577
0.0,0.94,0.74,-0.397491114787282,1.7830361404834438
0.95,1.33,0.0,1.438416762016502,-0.4078688274383741
0.0,1.26,0.73,0.7173879228639332,1.6799363282743147
0.49,0.68,0.0,0.4310121148265462,0.2969863329751965
1.42,0.0,0.81,-1.689068982331687,-1.1876878522467933
0.0,0.15,0.69,-1.3201094855841675,0.7597697805711445
1.43,0.0,0.14,-0.8817459647695218,-1.8252808810420693
0.0,0.19,0.0,-0.36412591084754686,0.5748227661768472
0.0,1.72,0.94,1.4147841338329685,2.5303080001844434
0.14,0.0,0.36,-0.47577152738278444,0.7365236057630915
0.0,1.48,0.84,0.6934431170817659,2.317557636414518
1.21,1.75,0.0,2.853930235836546,-1.158380982002242
0.42,0.0,1.24,-2.229087094297436,1.7373140645381318
0.0,0.03,1.0,-2.120297928377399,1.5980456400615897
0.75,0.6,0.0,-0.31095849925075547,0.22990563316019635
0.05,0.26,0.0,-0.2788861758286304,0.8755093349304599
0.0,1.26,1.64,-2.2625005599847587,3.730776872287319
0.47,1.52,0.0,1.7096643873209971,1.0077174869277126
1.58,0.0,0.7,-1.3487575655023831,-2.0453830261664843
0.61,0.0,0.14,-0.5487130939535422,-0.2749474467801061
1.16,0.0,0.48,-1.1454435608304276,-1.00222624198163
1.64,0.0,0.87,-2.1071803817127757,-2.4267694574157948
0.0,0.88,0.96,-0.9834824421787787,1.7822098463976328
1.63,0.24,0.0,-1.257861889545094,-2.8513297497352994
0.93,0.45,0.0,-0.6715067447833589,-1.397345910102726
0.61,1.61,0.0,2.1340615999555625,-0.27872025380334486
0.75,0.0,0.75,-1.2412430683804976,0.527902713717165
0.69,0.0,0.72,-1.3228473102308995,0.4177134550328882
0.0,0.7,1.62,-3.3792312948851393,2.7154321703703963
0.0,0.0,0.26,-0.8824607391849271,0.956257038716002
1.37,0.0,0.01,-0.823861203079513,-1.5717451721495879
0.12,0.58,0.0,0.012805359287492019,0.2316547917378201
0.39,0.06,0.0,-0.33270424085165784,0.3517900639723231
0.0,0.64,1.65,-3.3472982776767206,2.7748285576952734
0.0,0.69,0.1,-0.3712206123691778,1.1035285470600427
1.31,0.0,1.24,-2.7335097965222466,0.01187952582818478
0.0,0.92,0.19,-0.04811572227737987,0.9124766189312954
0.69,0.85,0.0,0.19563747974413448,0.11234491053922999
0.17,0.0,1.74,-4.315082893810889,2.6214019622173765
0.02,0.0,1.19,-3.1405705618611637,2.2075036656365548
1.58,0.08,0.0,-1.3424767652233107,-2.39475329014496
0.62,0.0,1.57,-4.046913706259599,1.7024142637705915
0.0,0.08,0.0,-0.8341441120721627,0.7236943890275115
0.63,0.0,1.22,-2.661571698579996,1.0309504318359306
0.0,0.97,0.74,-0.67843969980709,1.870726970915965
0.0,0.8,1.41,-2.257863177405947,2.5253725348665417
0.0,0.0,1.52,-3.4753782634187425,2.2403383260655336
1.08,0.0,0.16,-1.160284691445249,-0.298900489802263
0.19,1.78,0.0,2.450262128372684,0.9623647069599123
0.71,0.0,1.38,-2.986002832144546,1.9870910764896759
1.05,0.41,0.0,-0.781314107123585,-0.3792791588711868
0.23,0.55,0.0,-0.2389235015315348,0.5241430544884508
0.11,1.31,0.0,1.1624076576510671,0.9879099746819111
0.0,1.18,1.28,-0.5844061136853301,2.648656880057454
0.0,1.22,0.77,0.09468029775076195,2.2578437677934398
0.0,0.0,1.52,-3.424389728197491,2.540458035686666
0.96,0.0,1.49,-4.016036022644026,1.5300143443776975
1.36,0.44,0.0,-0.9745714640457909,-1.1973734524500939
1.44,0.29,0.0,-1.126299418102289,-2.068620391053556
0.2,0.0,0.0,-0.4413354741895528,0.6602676900108793
1.53,0.0,0.59,-1.5748629350447327,-1.8217256016885055
1.36,0.0,0.52,-1.4722665262596009,-1.9366546509306142
0.0,0.0,0.12,-0.479250988494739,0.6346718643697846
0.0,1.11,1.19,-1.0627621726263143,2.513313920157881
1.31,0.0,1.46,-3.671771383939146,0.5558616325403443
0.84,0.0,0.66,-1.8817836162660981,0.43049451677100925
0.41,0.0,0.6,-1.4320464976187601,0.6639643764136585
0.0,1.27,1.5,-2.1057138010345797,3.25399727401277
1.79,0.86,0.0,-0.4489196078329116,-3.3580114949619757
0.5,0.36,0.0,-0.5485030588970713,0.22520515484562265
0.0,1.61,1.47,-0.5885062613118693,3.5597897342334988
0.0,0.43,0.74,-1.089661007452176,1.4256744133684442
1.1,0.0,1.6,-4.099127803994486,1.2549307918352943
0.0,0.0,0.34,-1.0962312385145638,1.118837148430976
0.0,0.66,1.68,-3.6870998783680355,2.9040071154167904
0.78,0.64,0.0,-0.4897840740287593,0.42315953080831376
0.0,0.63,1.11,-1.788930511571656,1.8968578692581013
0.39,0.51,0.0,-0.47125034804386967,0.6648200893943399
0.14,1.7,0.0,2.300473423046867,1.1945368587688454
0.0,0.19,1.28,-2.3953038246996265,2.052147333024733
0.0,1.1,1.23,-1.6801908559911516,2.825049451055792
0.5,0.0,1.23,-2.698567219473436,1.7791810053687147
0.0,0.0,1.49,-3.433273353006656,2.255852555474971
0.0,1.51,1.79,-3.147761865394496,4.046676125058758
0.0,0.85,0.0,-0.05895733523374114,1.3484643371423946
0.76,0.7,0.0,-0.0381246858155337,0.09727418427579343
0.0,0.82,1.01,-0.9361061525417544,2.2259975776483425
1.79,0.0,1.77,-4.437979301774029,-0.6625687606184105
0.28,0.93,0.0,0.07242192890851007,0.9845558408956727
0.56,0.22,0.0,-0.5133376425893419,0.422511763880534
0.0,1.34,0.33,0.7545575110727925,1.4949838484535427
0.0,0.17,0.25,-0.4172496357304859,0.8549410989149221
0.24,1.47,0.0,1.5312175895246467,0.7233128891977655
0.0,0.0,0.2,-0.29487672289288697,1.0783864719826086
0.0,0.45,1.62,-3.5081758832403556,2.940738307506906
0.0,1.52,0.07,1.558297432315166,1.425179170393737
0.29,1.05,0.0,1.0266743633212774,1.1887285900973152
1.08,1.7,0.0,2.8208478455958983,-0.6219311187221777
0.58,0.0,1.42,-2.956399782373102,1.825687403591176
0.0,0.38,1.79,-4.5978763457356635,2.8582992903528366
0.0,0.0,0.05,-0.6795523951824729,1.0780274870437576
1.45,0.49,0.0,-0.5118461322754588,-1.6419303452190999
0.0,0.98,0.85,-0.3444986392353291,1.591212408579072
1.26,1.16,0.0,1.074349213564063,-1.0822406076353261
0.0,0.0,1.55,-3.5743226011473372,2.3283308361371162
0.18,0.65,0.0,-0.32998498390646297,0.9984482774179635
1.5,0.05,0.0,-1.2250431439848894,-2.054133861492488
0.0,0.0,1.41,-3.364293525810237,1.7880533135571708
0.72,0.0,0.0,-1.0577956833914621,0.29128139812694454
0.0,0.26,1.79,-4.877515324626373,2.985958231088626
0.0,0.29,0.32,-1.0871115248951049,1.1719288810290578
1.51,1.13,0.0,0.5300047984690083,-1.9335040772165117
0.0,1.7,1.66,-0.8000265174041188,3.4993441693489786
0.51,0.0,1.42,-3.4860280867096973,2.1980606019965663
0.21,0.0,0.0,-0.7045233713077341,1.0593757465257607
0.0,0.0,0.38,-0.7987221050363139,0.7848475786696585
0.0,0.69,0.02,-0.28520398480184256,0.6169265455063215
1.38,0.75,0.0,-0.05300597881610761,-1.6322167380426476
0.36,1.57,0.0,1.9697478711327467,0.4300546549130338
0.0,1.31,0.75,0.8742662072123963,1.5011746425614672
0.0,1.09,1.17,-0.5691828089701818,2.580091870779596
0.0,1.6,1.36,-0.0733871603447782,3.2691601190994892
0.0,1.8,1.07,1.2646799995197968,2.710747923573843
0.04,1.18,0.0,1.1195158112027352,1.49677494101711
0.2,0.0,0.0,-0.33795736955017375,0.601532131606879
0.69,0.0,0.0,-0.2991630385423683,0.4299453797935249
0.0,0.59,0.06,-0.16848308990715577,0.7078733823029097
0.0,0.0,1.37,-2.8081091894642682,2.37562070368148
1.13,0.0,0.82,-1.9352854872448866,0.5762090997800067
0.0,1.29,0.0,0.9193998148826833,1.2267434845634817
0.0,0.0,0.96,-1.549047151839029,1.7896881365061241
1.54,1.48,0.0,1.7118748504108088,-2.873684308804077
0.9,0.0,0.0,-0.49742291203326394,-0.6357510533957866
1.0,1.17,0.0,0.7180540921027815,-0.8119935370037695
0.0,0.21,0.0,-0.24376128215114284,0.8462503451989691
0.0,1.35,1.37,-0.8495178258571937,3.1453159948559346
0.23,0.0,0.04,-0.42523572832094514,0.5102928604439589
0.49,0.0,0.76,-1.2519028946614226,1.0142675755524022
0.0,0.0,1.5,-3.418623754828838,2.528324996009854
1.25,0.0,0.01,-1.0508577396512573,-0.9614857743627271
0.0,1.33,0.72,0.44038269355409154,1.8429494491899023
0.0,0.64,0.49,-0.3699344431411266,1.2712359000209719
0.49,1.57,0.0,1.900513530920153,0.6268799207871213
0.68,0.0,1.29,-2.5815662538933144,1.528927110460402
0.0,0.52,0.0,-0.2745916463181488,0.8574668965201069
0.0,0.0,0.37,-0.551086943495385,0.8338248159487904
0.0,1.51,0.84,0.642120935225017,2.4358297952491252
0.68,0.0,0.29,-0.4418231838642536,0.2080353010050306
1.09,0.93,0.0,0.453257037730856,-0.8592712247472849
0.0,0.09,0.63,-0.892199598341263,0.543324890475144
1.37,0.0,0.48,-1.4041604536758667,-1.3458134045044252
1.7,0.28,0.0,-1.2788562864460766,-3.4555201102875683
1.14,0.0,0.4,-1.4695021249068696,-1.9292367134921902
0.81,0.0,1.13,-2.5188700260589933,0.3969336902037587
1.03,0.08,0.0,-1.2002478632834328,-0.686155636151499
0.0,1.33,1.67,-2.611028749275207,3.160824593817374
0.0,1.57,0.0,1.58229788106864,1.4712329572666327
0.69,0.38,0.0,-0.1898638288297223,0.13202544172012712
0.95,0.0,0.82,-1.4499232561025035,-0.0030013008772009145
0.0,1.05,1.66,-2.9651909619599484,3.166639541267558
0.0,1.05,1.57,-2.999520729778443,2.9493191920028123
0.69,0.0,0.78,-1.959908587681865,0.749117268003113
1.47,0.03,0.0,-1.4100761560865291,-2.030641427051564
0.0,0.0,0.84,-1.8369820788298414,1.1932883245844528
0.68,0.0,1.07,-2.4710740955402897,1.3114534169202634
0.0,0.05,1.75,-4.8732043273874925,2.9952271476932184
0.08,0.0,0.4,-1.2699629701413742,1.1246080457389969
1.7,0.74,0.0,-0.48663128261847555,-3.110092183668706
0.0,1.64,0.28,2.0122923100379984,1.1101390370288196
1.6,1.46,0.0,1.7486678374633118,-2.163720970508707
0.78,0.0,1.74,-4.27899097513131,1.551468972640726
1.33,1.12,0.0,0.2662434838075006,-1.5671672797855452
0.12,0.24,0.0,-0.40194800869171377,0.47630127897518615
1.73,1.34,0.0,0.8527429961432309,-3.420110994513645
0.0,0.72,0.0,0.053658262987282726,0.2485509962093358
1.08,0.16,0.0,-0.4674742262755605,-0.839888395881
1.35,0.0,0.0,-1.0284610215271972,-1.8533642294495225
0.51,0.0,0.0,-0.46543389315147904,-0.33406212023851234
0.05,0.5,0.0,-0.12420810999883079,0.4976715466379801
1.31,0.77,0.0,-0.06412338714749292,-1.6308122169382364
1.66,0.0,0.75,-1.8069597579173786,-2.8829927102778203
0.0,1.52,1.63,-2.081583388962869,3.17791003067134
0.0,0.0,1.76,-4.682140515842677,2.5006677122895162
0.0,0.24,1.33,-3.8022279871638003,2.247627055724311
0.68,0.07,0.0,-0.9126763524382807,0.3412033626505593
1.23,0.0,1.54,-3.9250554485038314,0.7732270862806345
0.72,0.52,0.0,-0.8003666988773435,-0.023930695125739705
1.29,0.24,0.0,-0.9015845117689576,-1.5241489904234975
1.52,0.0,0.36,-1.5012523604064074,-2.6855225780249405
0.0,0.7,0.61,-0.7217586480005334,0.660006792378497
0.31,0.94,0.0,0.16014138799583694,0.3330050798429493
0.0,0.39,0.39,-0.487321743062086,0.7190284746817381
0.85,0.0,0.67,-1.355996059176601,0.281906007779553
0.0,0.0,0.67,-1.3952165800540075,0.9108731110610165
1.73,0.0,0.24,-1.4510313657587353,-3.332895445177472
0.0,0.8,0.3,-0.19474780835361577,0.23417709435476747
0.52,1.72,0.0,2.5046607185819947,0.3291152521190867
0.0,0.28,0.0,-0.2765565261132916,0.6890630111860326
1.37,0.0,1.53,-3.8099509602697923,0.24473546113145958
1.23,1.69,0.0,1.7097877644438717,-1.4507814026150967
0.0,0.09,0.96,-1.889158924801158,1.2190299285430886
0.0,0.0,1.2,-2.5916935706234856,1.7594455419705117
0.0,1.36,0.18,0.9290545509540514,1.3348135527211358
0.0,0.16,0.87,-1.2049825211092722,1.680014851847973
1.61,1.54,0.0,1.619362875350436,-2.6991301632473275
0.0,0.86,1.75,-3.5689792136047815,2.9875787295028515
0.0,1.26,0.0,0.7435544220855879,1.2623967793448305
1.29,0.0,0.0,-0.7581040428403147,-1.5047249719955662
1.43,0.18,0.0,-1.4402232518884148,-2.077380452618889
1.79,0.35,0.0,-1.2075515983951937,-4.148223194019722
0.0,1.13,1.75,-3.4275554612148373,2.8385890322342546
1.2,0.0,0.93,-2.342754064460572,-0.032607947926592724
1.36,1.66,0.0,1.5008022412183475,-1.9861160419350123
0.02,1.71,0.0,2.3104224700652094,0.6110387447208026
0.0,1.19,1.29,-0.714782933568404,2.8077909535761547
0.92,0.0,0.0,-0.5676992438920065,-0.6003879331690093
1.59,0.31,0.0,-1.0144402564384258,-3.082950690213821
0.1,0.4,0.0,-0.28810961487685066,0.49865592784637314
0.0,1.29,0.13,1.1803257122276687,1.2907283244392678
0.74,0.0,1.06,-1.942291261064482,0.8868724215134456
0.0,0.78,0.0,0.028809636324051605,0.6979954340227377
1.41,1.47,0.0,1.7076018477571002,-2.0176656322990874
0.07,0.1,0.0,-0.4441840184558671,0.9210744962640065
1.46,1.56,0.0,1.7319557028639805,-2.306248511121023
0.45,0.0,1.69,-4.114391354930096,2.08653622449524
0.0,0.0,0.87,-2.1394172222813097,1.6104798322038325
0.0,0.7,0.0,-0.3425386297654733,0.8421926682311269
0.0,1.71,0.0,2.5326384285737875,1.223776764675801
0.0,0.0,0.11,-0.2847997162059097,0.9576776893835008
1.34,0.0,1.29,-2.9574687760673632,0.005174144718661067
0.0,1.28,0.42,0.6323623582922873,1.4084715897020255
1.19,0.74,0.0,0.17146197279911587,-0.753695047703415
0.0,0.0,0.81,-1.4209086783273872,1.0439310089133835
1.68,1.66,0.0,1.6465754172838585,-2.7386692908919015
0.0,0.68,1.36,-2.2817999888355582,2.203974780017394
0.0,1.72,0.51,1.7124987514213101,1.4102116973359902
0.82,0.0,0.05,-0.4501331975818384,-0.05883241202579907
0.0,1.7,1.28,0.464024786596882,2.992366332163588
1.49,0.94,0.0,0.3140115425199348,-1.9002553080414077
0.0,0.73,0.22,-0.02534908470859145,0.505322514435579
0.0,0.38,1.1,-1.5731353837291093,1.8650418544243716
0.2,0.0,1.54,-3.621726942178382,2.35030608923896
0.0,0.0,1.17,-2.894478080075863,1.957404286778323
0.2,0.0,0.69,-1.8661897187930572,1.7740977810123695
0.0,0.0,0.47,-1.0900621376999777,1.3335633810724832
1.74,0.0,1.42,-3.4732104101906747,-1.3795587485993532
0.91,0.0,1.09,-2.9510635158975895,0.09608494786762492
0.87,0.1,0.0,-1.1046922551585654,-0.4922076990765785
0.68,0.43,0.0,-0.5419855867331401,0.00325156642770736
0.49,0.0,1.53,-3.7898373919848316,1.9141797116468326
0.0,0.96,0.25,-0.08768757367184711,1.0816510801532917
0.0,1.5,0.52,1.1562398268122385,1.9780302099088551
1.57,0.5,0.0,-0.5488749949959593,-2.597782107835253
0.91,0.0,1.34,-2.9661601043759784,0.6489504622823716
1.28,0.3,0.0,-1.2325127031563783,-1.4870834846859995
0.1,1.65,0.0,2.0083924227074537,1.0047500166171306
0.0,1.05,1.2,-0.6695185295803341,2.3051288353921096
0.5,0.0,0.58,-1.0992346210456336,0.6441022662176743
1.11,0.0,0.29,-0.9093398547171035,-0.4895702633115212
0.02,0.0,1.09,-2.220310391351236,1.8156552591724342
1.31,0.0,0.32,-1.2653391420093656,-1.1467907087162827
1.47,0.0,1.35,-3.027785648597385,-1.2268530745352526
0.0,0.6,1.47,-3.4010315525891635,2.091126673059488
0.0,0.28,1.04,-2.543703821691111,1.7481879919837997
0.0,0.32,0.16,-0.8033887775663986,0.9266676143828647
0.45,1.74,0.0,2.6977735887145378,0.7282153811745382
0.01,0.0,0.0,-0.4090310959135538,1.0646555578284844
0.13,0.0,0.19,-0.5810504186973603,0.7809181472465964
0.0,1.32,1.62,-2.155678095249911,3.53253881156603
0.06,0.0,1.64,-4.128741307401413,2.6024284699378595
1.41,0.0,0.33,-1.5202398115662705,-1.534768802015909
1.78,1.65,0.0,0.9284925198023929,-3.594058816333868
0.91,0.0,1.72,-4.421834382025959,1.1535382817688629
0.03,1.21,0.0,0.498628364217384,1.1749767070880741
0.0,1.7,0.0,2.2888331510078115,1.0975123177888324
0.48,0.0,1.19,-2.2881756324907636,1.8264744181267167
0.8,0.0,0.27,-1.0658034175503461,0.003702550119992768
0.0,0.0,0.34,-0.6666415789780329,0.8628848267279422
0.21,0.0,1.68,-4.321281502583928,2.58086920360703
0.0,1.52,0.49,1.0385631679441991,2.1200536173204907
0.39,1.32,0.0,1.1912297972846624,1.0561084325359085
0.73,0.0,0.0,-0.1789551780025349,-0.016464665471772104
1.32,0.0,0.0,-0.935410177264141,-1.437676310421457
1.1,0.34,0.0,-0.7153833835195006,-1.2584208189815917
0.0,1.03,1.09,-0.7704380319863513,2.0713605144800487
0.61,1.79,0.0,2.6463703750215406,0.3840004428970333
0.01,0.39,0.0,-0.06744077784354906,0.5436816907370752
0.0,1.03,0.33,0.2700750536362404,1.2040513250390934
1.09,1.47,0.0,2.1548852422953675,-0.5751050486656628
0.32,0.0,0.21,-0.33042420696351477,0.6262740736700175
0.18,1.51,0.0,1.8232313113062202,1.0318365373327896
0.36,0.29,0.0,0.03353657139979543,0.5339123807425817
0.46,0.0,1.17,-1.9405018583769045,1.498114138167441
0.0,0.94,1.4,-2.2419466224628013,2.831077409676093
0.0,1.57,0.87,0.7216977871709803,2.1976371041466285
0.0,0.43,0.82,-0.9395363904904601,1.7659131858384627
0.0,0.16,1.72,-4.395595067623685,2.975728552844493
0.31,0.0,1.78,-5.125212669982582,2.5902203242957333
0.0,0.12,0.59,-1.7543474997321653,1.5557351301276603
0.83,0.26,0.0,-0.7172876365671499,0.0222566606975862
1.51,0.0,1.21,-2.8640913526767013,-0.7598894643526453
1.04,1.58,0.0,1.643536010982587,-0.9863893764596938
0.0,1.54,0.9,1.1593069827494475,1.5082290717535307
0.6,0.0,1.06,-1.9057495203606123,1.2016295969057924
1.3,1.7,0.0,2.2027491013013654,-1.4493937559150263
0.0,0.0,1.49,-3.3236294875882666,2.1929044769382995
0.54,0.0,0.52,-1.3407908387583973,1.054755490177916
1.55,1.8,0.0,2.207632233224369,-2.430231568282289
1.15,0.0,0.96,-1.8782675930778332,-0.881330838312971
0.22,0.0,1.76,-4.662312516709358,2.4546127215602773
0.0,1.38,0.44,0.7099244971056037,2.091858169440594
1.47,0.56,0.0,-0.3212007201606346,-1.883303572243067
0.0,1.78,0.9,1.646469279738327,2.1463520573702404
0.51,0.74,0.0,0.15958268672165538,0.5609202217777273
0.88,0.0,0.98,-1.8994585456002548,0.5485639179299079
1.39,0.0,0.96,-2.224772389400517,-0.9363611550730562
0.0,1.05,0.99,-0.887885539216144,1.9334454784073651
0.28,1.45,0.0,1.5557546710283356,1.0277542209568271
1.11,0.0,0.0,-0.4724814920504513,-0.8445298612826719
0.52,0.0,1.49,-3.535713169183233,1.9793419534652954
1.35,0.0,0.0,-1.2871821469123084,-1.6014169499037216
0.0,1.66,1.09,0.6410185412326367,2.4258664192831945
0.6,0.0,1.0,-1.9564421952701692,1.2414688483259766
0.0,0.16,0.12,-0.7356092400550232,0.9919645185162154
0.03,0.34,0.0,-0.6153052034719172,0.7854821024738501
0.99,0.0,0.73,-1.5353560693053319,-0.00044652379231057554
0.0,0.95,0.02,0.06725927435786322,0.6506424568913395
1.75,0.0,1.58,-3.703742707868654,-1.3613760577077625
0.0,0.18,0.37,-0.871070698622571,0.6457813282585885
0.0,1.29,0.0,1.017173240022911,1.3253400717029353
0.0,0.51,1.4,-2.5090410893142594,2.431461444123528
0.0,0.75,1.54,-3.0634189042143087,2.9916832593405367
0.56,0.0,0.22,-1.0838266512913128,0.6537741079298872
0.0,0.37,0.0,-0.6481252022897718,0.6504118075284396
0.0,0.56,0.91,-1.0969364174724061,1.9118811592190117
1.3,1.22,0.0,0.9891021099806949,-1.4387624738146565
0.0,0.73,0.19,0.15494834782251377,0.24722757336214016
1.28,0.39,0.0,-0.31291293611692333,-1.4703162846436997
0.0,0.86,1.16,-1.2952825889924353,1.9007926876802563
0.0,1.47,0.51,1.0314678067650556,1.5597920646862375
0.0,1.45,1.31,0.0353919637285804,2.9354450809219492
0.0,1.74,1.6,-0.23841329908317943,3.726955771974919
1.6,0.81,0.0,-0.03641307652543599,-2.1638416569399945
0.97,1.55,0.0,1.9090290737272446,-0.8943342357930317
0.88,0.0,0.45,-1.0563730471475943,-0.24334799385008088
1.13,0.13,0.0,-0.9088934280048725,-1.3435809811066113
0.0,0.45,0.73,-0.9052084497094413,0.7873881927971094
0.0,1.2,0.98,-0.4272260496866421,2.215023746440186
0.89,1.22,0.0,1.1552496453452807,-0.023948457073097625
0.0,0.12,0.57,-0.8248898865930969,0.8890049805294366
1.57,0.0,1.21,-2.826909601978012,-1.0322405447125003
0.0,0.79,0.95,-1.1885211939998825,1.2396442736723332
0.51,0.0,1.13,-2.5285807377478386,1.6339443800908553
0.6,0.0,0.85,-1.9438681317143458,0.6326418452617819
1.25,0.0,1.38,-3.5349806216729527,0.4332332362133571
0.0,1.69,0.0,2.2604762429027234,1.277241150123292
0.58,0.0,0.78,-1.251639598279555,1.1264589173441597
0.0,0.0,0.08,-0.5351646533725171,0.6863119348741191
0.0,1.15,1.47,-2.0071971277781158,3.185791161704932
0.07,0.0,0.65,-1.3368447071878415,1.313239478411213
0.0,0.4,1.42,-2.9578816669269923,2.493576433344856
1.15,0.0,0.55,-1.5059744658799867,0.1352554493717184
0.0,1.44,0.0,1.5078080024245704,1.0866269423081452
0.0,1.04,0.0,0.8914977978873538,1.2382841775757216
0.0,0.06,1.21,-2.2432861494580956,2.098302439243776
0.0,0.14,0.04,-0.7815925381155898,1.2160467880844026
0.49,1.7,0.0,2.493477274326684,0.8016527001518908
0.51,0.0,0.84,-1.112664182060549,1.026036208645985
0.0,0.0,0.82,-1.3718511734341985,1.3453379298380752
0.84,0.0,0.0,-0.5270501684059838,0.12401793645241464
0.0,0.0,1.79,-4.864737788171581,2.758754438453838
0.0,0.67,1.65,-4.7797956721874515,2.877538111757769
0.91,0.25,0.0,-1.028514458153342,-0.0019238808643293817
0.29,1.72,0.0,2.4140797279199577,0.874103777213361
0.0,1.17,1.38,-0.9976307131087427,2.977366010809396
0.0,0.5,1.5,-3.0243302622184163,2.631994784392193
1.35,0.0,0.6,-1.693792475375299,-0.25437004207042513
0.0,1.15,1.03,-0.7545933847833718,2.366064886708847
0.56,0.52,0.0,-0.17104331124816466,0.5020339606129168
1.19,0.0,0.67,-1.539492030494111,-0.4494303267037012
0.5,0.23,0.0,-0.522310710492839,0.14877853248007486
0.53,0.0,0.65,-1.3122333791987237,0.37174929329007217
0.0,0.4,1.47,-3.1904683930118227,2.5559658174170954
1.73,0.0,1.07,-2.513497263837401,-1.9400280943105366
0.63,0.0,0.0,-0.7933812496073624,-0.08580881252957281
0.0,0.81,0.0,0.11493802351192234,0.4305945901690271
0.64,0.0,0.0,-0.317432955400749,-0.11555862221498983
0.0,0.55,0.02,-0.21618545417418938,0.4097731921216531
0.0,0.08,0.0,-0.6358814194230005,0.45306158698190924
0.0,1.28,0.0,1.017044580455075,1.2143712775254767
0.0,0.0,1.5,-3.2495344186022592,2.4894266069784927
1.31,0.0,0.33,-1.5057727236535539,-0.9535168600972332
1.45,0.64,0.0,-0.6154185551508414,-2.104529699102918
0.0,1.32,1.22,-0.5735607887316757,2.1775219960705647
0.63,0.0,0.62,-1.223303796082542,0.6635757943023054
0.0,1.18,0.9,-0.21137153001248848,1.6919251274616014
0.2,1.31,0.0,0.9737365296456558,1.185356783856073
0.11,0.88,0.0,0.5290499748684636,0.9317415726417883
0.0,0.0,0.75,-1.018091042349726,1.6577512748429712
0.0,0.0,1.54,-3.5725787951121633,2.5256819172924603
0.0,0.7,1.65,-4.069922742577727,3.2838605226445376
0.0,1.36,1.13,-1.2525247279192393,3.0108346264968673
0.73,0.0,0.0,-0.8177793602680983,0.2678188459992101
1.73,0.77,0.0,-0.537996754264253,-3.378419109091708
0.0,1.76,0.86,1.7042738857922766,1.7399481060928124
1.67,0.0,1.11,-2.1563557326497325,-2.04999109028605
0.0,0.94,0.57,-0.25563356670354065,1.2759186150119153
0.0,1.3,0.86,0.16613931142474575,1.8445667550616716
0.0,0.72,0.0,-0.12154410015195038,0.682868568781038
0.0,0.38,1.3,-2.325836787936491,2.277864956466583
0.0,0.0,0.48,-1.077572634487019,1.1957164629215102
0.05,1.73,0.0,2.4510695125765647,1.1222923789258321
1.0,0.0,0.66,-0.9773966172852435,-0.0013350388604832022
0.0,0.09,0.09,-0.3784558389287112,0.7593053213417367
0.0,0.0,1.34,-2.819452470266799,2.4032175847750157
0.44,0.0,0.0,-0.9023966188164946,0.6816555286333132
1.33,0.0,1.11,-2.4902585460794215,-0.044643719111538305
1.14,0.0,0.95,-2.345488720822244,-0.3027451708948645
1.03,1.68,0.0,2.0336136561533302,-0.7239686201320438
1.29,0.0,1.37,-3.0205128504981413,-0.17035002448615513
0.02,1.55,0.0,1.6215740873592657,1.2962588844711196
1.72,1.25,0.0,0.9892524665751063,-2.929185295015117
0.28,0.0,1.46,-3.4241664772518927,1.9443432103824647
1.33,1.58,0.0,1.5842908416842127,-1.672654678280402
0.0,0.1,1.46,-3.420757259146534,2.308658004707395
0.0,0.57,1.59,-3.9095713170353843,2.967842375077449
0.0,1.1,0.85,-0.8743975030883142,2.33006002371425
0.52,0.49,0.0,-0.4064944000876821,0.5749810495607068
1.46,0.0,1.47,-3.69438075180581,-0.3351858015036564
0.0,0.72,0.16,-0.2929313805397589,0.8648753415482332
1.45,1.34,0.0,1.1526293251462092,-2.0502923903908936
1.25,0.0,0.43,-1.205899042858852,-1.6359922811043246
0.9,0.5,0.0,-0.36726752314956423,-1.208878945578996
0.59,0.0,0.27,-0.8276496993412673,0.009810861104236325
0.28,0.0,0.81,-1.5555368571012693,0.5980403331262328
0.0,1.1,0.0,0.304922499214968,0.7530293579551972
0.0,1.03,0.84,-0.13391858900920822,1.5975134723293662
0.0,0.11,0.52,-0.5261491331582588,0.9514066365525177
0.67,0.0,0.0,-0.4577995853536986,0.20295608503025928
0.0,1.23,1.5,-1.8654195419420088,3.4206185524763164
0.77,0.23,0.0,-0.6820976472963798,0.0533812772730992
0.0,1.58,1.25,0.03641237409488818,3.1475316545200176
1.06,1.19,0.0,1.1592038869610914,-0.20401559690480237
1.2,0.0,1.11,-2.0859386413375813,-0.03352340304736632
0.22,0.0,0.0,-0.44666541341561866,0.39336703599830164
1.06,0.0,1.54,-3.8419494869524584,1.1963772761428282
0.0,0.62,1.66,-4.172749721085749,2.828171987634669
0.0,0.0,0.19,-1.019796485007345,1.0731546080921153
0.0,1.04,0.15,0.14238185902670042,1.207931736013066
0.0,1.79,0.88,1.678317234791937,2.320900905736904
0.0,1.47,0.0,1.5338548077840606,1.3970949962415122
1.26,0.87,0.0,0.6791743848116545,-0.9169986691325624
0.0,1.21,0.72,0.6688966371420395,1.5527530156578455
0.0,1.46,1.55,-0.8407862142656172,3.8087970495695864
0.07,0.0,0.65,-1.1592162694824326,1.4856093950277578
0.0,0.9,0.45,-0.19800854106621552,1.4136553587373741
0.0,0.0,1.24,-2.425655136518029,2.02933872796884
1.12,0.69,0.0,-0.18425195129709054,-0.3916093782129732
0.1,0.05,0.0,-0.3899435220517722,0.5997122691743499
1.62,0.58,0.0,-0.7269137646712587,-2.7890479228172556
0.06,1.23,0.0,1.0690734315992843,0.7168067576688559
1.22,0.0,0.31,-0.7794596574504928,-1.357846221526923
1.73,0.0,0.43,-1.532876496082455,-3.5490545518493644
1.73,0.0,0.43,-1.474988716828165,-3.7619893807339846
