PX,PY,cosP,sinP,dPX,dPY,dcosP,dsinP,P1,P2,P3
0.0,0.0,1.0,0.0,0.5299790188194795,0.196526572856869,-0.06238847537372971,0.3476846687560454,0.0,0.62,0.2
0.5299790188194795,0.196526572856869,0.9376115246262703,0.3476846687560454,1.7540621652832094,-0.004959322603968114,0.05888966232300186,-0.26410605660741204,0.37,1.43,0.0
2.284041184102689,0.1915672502529009,0.9965011869492721,0.0835786121486334,-3.0033173916476015,-1.6260772499809404,-1.4447221200290512,-0.9775014248954008,1.13,0.0,1.18
-0.7192762075449124,-1.4345099997280395,-0.44822093307977906,-0.8939228127467674,1.6793252571126438,-1.2411481520977528,0.7859474403842478,-0.04732147343186566,1.41,0.84,0.0
0.9600490495677314,-2.6756581518257923,0.33772650730446874,-0.9412442861786331,-2.1736264161724717,-0.9193883593135173,-0.6575641040702758,-0.00622809426053994,1.7,0.0,1.39
-1.2135773666047402,-3.5950465111393095,-0.3198375967658071,-0.947472380439173,1.421980483025168,2.603041126985636,0.5254322951311262,-0.0311648455051875,0.45,0.19,0.0
0.2084031164204278,-0.9920053841536737,0.20559469836531913,-0.9786372259443605,-0.5040831746102965,0.551057196801463,-0.7625287472172784,0.14808050588885258,0.34,0.0,0.77
-0.2956800581898687,-0.44094818735221064,-0.5569340488519593,-0.830556720055508,3.7871505196460307,-2.0116794538257414,1.3752181341678988,0.2557427016820377,1.71,1.79,0.0
3.491470461456162,-2.452627641177952,0.8182840853159395,-0.5748140183734702,-3.117965652872957,2.3604688777040606,0.15259845240200476,0.33525797492149534,0.04,0.27,0.0
0.373504808583205,-0.09215876347389175,0.9708825377179443,-0.23955604345197487,0.9277662942637409,1.0434100792858878,-0.16358671713488349,0.8297030235078949,0.0,1.26,0.6
1.301271102846946,0.951251315811996,0.8072958205830608,0.59014698005592,1.6048828411293576,-3.4628306809017237,-0.05069425725623267,-1.2440231719847894,1.78,1.52,0.0
2.9061539439763036,-2.5115793650897276,0.7566015633268282,-0.6538761919288694,-1.3977085797274758,4.803616130219369,-0.20685116557261896,1.4892051691402965,0.0,1.71,1.68
1.5084453642488278,2.2920367651296423,0.5497503977542092,0.8353289772114271,-0.9232421289977111,-2.6419591471029995,0.30851771045722853,-1.3485305501115497,0.42,0.37,0.0
0.5852032352511167,-0.3499223819733574,0.8582681082114377,-0.5132015729001226,1.2908123256200024,1.1973086540103308,0.05307452949534097,0.9248502054712161,0.0,1.22,0.0
1.876015560871119,0.8473862720369734,0.9113426377067787,0.4116486325710935,-1.98672539366112,-1.0051668175416681,-1.4857219535700186,-1.2302379077930918,0.58,0.0,0.71
-0.11070983279000084,-0.15778054550469478,-0.5743793158632399,-0.8185892752219983,-0.08191276531030035,1.3989744217156332,0.42102367895476545,1.806760337654205,0.0,0.74,1.35
-0.1926225981003012,1.2411938762109385,-0.15335563690847445,0.9881710624322066,1.6179062836402884,0.7611372851455327,0.7332586850928006,-0.17348556808084215,0.0,1.62,1.18
1.4252836855399873,2.002331161356471,0.5799030481843261,0.8146854943513645,0.7130513671842293,-0.6880321899346646,0.27203959076100714,-0.29105037334928596,0.0,1.37,0.15
2.1383350527242166,1.3142989714218065,0.8519426389453333,0.5236351210020785,-1.8385801085453422,-1.6372591878435274,-0.1716581320036481,-1.2565832703381066,0.39,0.0,0.0
0.29975494417887444,-0.3229602164217209,0.6802845069416852,-0.7329481493360279,-0.2316317376100276,-4.069322542578467,-0.6647766222753574,-0.26693159618999074,1.79,0.0,0.52
0.06812320656884685,-4.392282759000188,0.015507884666327833,-0.9998797455260187,-0.3368313955984013,5.944578162193487,-0.1860750040320535,1.9852258054416598,0.0,1.28,1.67
-0.26870818902955446,1.5522954031932987,-0.17056711936572566,0.9853460599156412,-1.1273314237336505,-1.2802631677773948,-0.8109717759902135,-0.7940834213699949,0.52,0.0,1.38
-1.3960396127632049,0.27203223541590393,-0.9815388953559392,0.19126263854564632,0.06001038127378422,0.5638277229299369,0.1337807149350595,0.33912030568378426,0.15,0.0,1.25
-1.3360292314894207,0.8358599583458408,-0.8477581804208797,0.5303829442294306,2.62365014396844,1.1579672885329126,1.390266015330044,0.30966779772736985,0.0,1.64,1.14
1.2876209124790192,1.9938272468787535,0.5425078349091643,0.8400507419568004,-1.075154274385484,-2.0226198705981893,0.4484344420508327,-0.974339251269163,0.0,0.05,0.08
0.21246663809353505,-0.028792623719435716,0.990942276959997,-0.13428850931236255,-0.06753541766699214,-0.22842929654400115,-0.5000536472783472,-0.7369338235334341,0.26,0.0,0.0
0.1449312204265429,-0.2572219202634369,0.4908886296816498,-0.8712223328457966,-2.293975622339878,-0.5776808288339357,-1.423015845605767,0.5090913436532756,1.14,0.0,1.71
-2.149044401913335,-0.8349027490973725,-0.9321272159241174,-0.362130989192521,5.084513919408743,1.2590086699006777,1.9218511043136066,0.5051226838855689,0.64,1.7,0.0
2.935469517495408,0.4241059208033052,0.9897238883894892,0.1429916946930479,-4.350574749016419,-3.2791130803246267,-1.433822027156104,-1.038969843502509,1.7,0.0,1.51
-1.4151052315210102,-2.8550071595213216,-0.44409813876661475,-0.895978148809461,2.372595318331868,3.0000448451256077,1.4328192355352058,1.0457466127954234,0.1,0.73,0.0
0.9574900868108579,0.14503768560428618,0.988721096768591,0.1497684639859623,-0.9905450076827276,1.4462871865109956,-1.0094885670631941,0.8500158688466555,0.0,0.92,1.37
-0.03305492087186973,1.5913248721152817,-0.0207674702946032,0.9997843328326178,1.1399977000308976,0.43187475550799426,0.500748525475489,-0.12250547940718415,0.0,1.41,1.01
1.1069427791590278,2.023199627623276,0.4799810551808858,0.8772788534254337,-2.7398663783238737,-4.5607432651813955,-1.0211244524318206,-1.7182091856240749,1.66,0.0,1.45
-1.632923599164846,-2.537543637558119,-0.5411433972509347,-0.8409303321986412,4.014444769371932,3.231801392440345,1.5011815940810291,1.120799338391219,0.02,1.43,0.0
2.3815211702070855,0.6942577548822262,0.9600381968300943,0.2798690061925778,-2.1393980235525785,-1.5557933184794264,-0.6894828814573084,-1.2425734371180475,0.5,0.0,0.06
0.24212314665450715,-0.8615355635972002,0.27055531537278593,-0.9627044309254696,-0.29472442040200736,0.7556821607649554,-0.7155650458774465,0.06717869720467406,0.01,0.0,0.09
-0.05260127374750021,-0.1058534028322448,-0.4450097305046606,-0.8955257337207956,0.5208016634016988,0.7792913521538247,1.0158456380868839,1.7165899008933616,0.0,0.94,0.74
0.4682003896541985,0.67343794932158,0.5708359075822232,0.821064167172566,1.759423662517709,-0.9409222966597615,0.4220319931748756,-0.9402838452722475,0.95,1.33,0.0
2.2276240521719077,-0.26748434733818144,0.9928679007570989,-0.11921967809968148,-0.5360859736263079,1.096901814074415,-0.09499588223529609,0.5594762377959381,0.0,1.26,0.73
1.6915380785455998,0.8294174667362335,0.8978720185218028,0.44025655969625666,-0.6391989306362376,-0.8649688913729561,0.10155781587355861,-0.4740205363646027,0.49,0.68,0.0
1.0523391479093622,-0.03555142463672258,0.9994298343953614,-0.033763976668346005,-1.383261294202672,-2.4556894004486893,-1.1311074582195513,-0.9575286155485107,1.42,0.0,0.81
-0.3309221462933098,-2.491240825085412,-0.1316776238241898,-0.9912925922168566,0.08513484454157444,2.581186465944494,-0.8074163062091689,1.3349531668751977,0.0,0.15,0.69
-0.24578730175173535,0.08994564085908208,-0.9390939300333587,0.3436605746583411,0.29598438936066107,-2.9203409169235144,0.9568261512661539,-1.3435033464630641,1.43,0.0,0.14
0.05019708760892572,-2.8303952760644324,0.01773222123279515,-0.9998427718047229,-0.049179291572797074,2.4063152590762584,-0.01533221872361271,-0.00015434818510784432,0.0,0.19,0.0
0.0010177960361286422,-0.424080016988174,0.00240000250918244,-0.9999971199898308,2.2415923055989313,2.0372403719465604,0.8093949775139039,1.583939677446741,0.0,1.72,0.94
2.24261010163506,1.6131603549583864,0.8117949800230864,0.5839425574569101,-2.137065450799579,-1.4846322869088957,-0.1771703692022082,0.18887799308535447,0.14,0.0,0.36
0.10554465083548079,0.12852806804949066,0.6346246108208782,0.7728205505422646,1.561089373141872,1.2466908788707867,0.13669280561673636,-0.13636989016079915,0.0,1.48,0.84
1.6666340239773527,1.3752189469202774,0.7713174164376145,0.6364506603814655,1.8275478513433567,-1.2714007137622185,0.22824148176037629,-0.6067520234898736,1.21,1.75,0.0
3.4941818753207095,0.10381823315805877,0.9995588981979908,0.029698636891591888,-4.138046209793883,0.09656481747585727,-1.9543863495666725,0.26746215815510965,0.42,0.0,1.24
-0.6438643344731731,0.20038305063391604,-0.9548274513686817,0.29716079504670156,0.1588745460942924,0.27286397571399235,0.23910913311707227,0.4012282719632909,0.0,0.03,1.0
-0.48498978837888074,0.4732470263479084,-0.7157183182516095,0.6983890670099925,1.1166437043508783,-1.114018612412601,1.417740244731436,-1.4105443974973468,0.75,0.6,0.0
0.6316539159719976,-0.6407715860646926,0.7020219264798265,-0.7121553304873545,-0.43506158157358776,0.457009396828317,0.02852152249237938,0.029289114333857835,0.05,0.26,0.0
0.1965923343984098,-0.18376218923637563,0.7305434489722059,-0.6828662161534966,-0.10566201388989477,2.199053923893566,-0.6854691301141668,1.681849852545747,0.0,1.26,1.64
0.09093032050851504,2.01529173465719,0.04507431885803917,0.9989836363922503,2.56695822294909,-1.169373992729565,0.9078280546369005,-0.6957064255970598,0.47,1.52,0.0
2.657888543457605,0.8459177419276251,0.9529023734949397,0.30327721079519054,-2.6961765644379945,-3.910564152054011,-0.965394853241962,-1.3031991767254176,1.58,0.0,0.7
-0.038288020980389526,-3.064646410126386,-0.012492479747022325,-0.9999219659302271,0.05860751716098505,2.261960140743266,0.03779874140965417,0.00024222065143908456,0.61,0.0,0.14
0.020319496180595524,-0.80268626938312,0.025306261662631845,-0.999679745278788,-0.18671881322113934,-0.924247247580511,-0.12121742303408602,0.004289847236629396,1.16,0.0,0.48
-0.1663993170405438,-1.726933516963631,-0.09591116137145417,-0.9953898980421586,-0.20216028934373162,-1.8370621756090413,-0.006952200961769392,0.000694402581611131,1.64,0.0,0.87
-0.36855960638427543,-3.5639956925726723,-0.10286336233322356,-0.9946954954605475,0.5911699925466237,3.599678297491854,1.0902590155542387,1.1529668573686473,0.0,0.88,0.96
0.2226103861623483,0.03568260491918175,0.9873956532210152,0.1582713619080998,0.5061823383710083,-3.968018762807588,-0.8051656160278843,-1.1415272866523092,1.63,0.24,0.0
0.7287927245333566,-3.932336157888406,0.1822300371931309,-0.9832559247442093,-0.06295610056004153,1.9631215471420203,0.13807832750562787,0.035942591414625635,0.93,0.45,0.0
0.6658366239733151,-1.969214610746386,0.3203083646987588,-0.9473133333295837,2.0571061173843512,1.9850452905392355,0.6796747355191011,0.9531270480351367,0.61,1.61,0.0
2.7229427413576666,0.015830679792849578,0.9999831002178599,0.00581371470555303,-2.7009855431542866,-1.1425745035366377,-0.9804994964472318,-1.0056238912811413,0.75,0.0,0.75
0.02195719820337979,-1.1267438237437881,0.019483603770628053,-0.9998101765755883,-0.16778983496909944,0.23311711864733564,-0.1805449321292431,0.012865776668806173,0.69,0.0,0.72
-0.14583263676571964,-0.8936267050964525,-0.16106132835861506,-0.9869443999067822,-0.7226849355724522,2.299382780343978,-0.3645438958314524,1.8376729984058033,0.0,0.7,1.62
-0.8685175723381718,1.4057560752475253,-0.5256052241900675,0.8507285984990213,0.8922260589883837,-1.5181500566816322,0.7320041222342277,-1.8291965309761957,0.0,0.0,0.26
0.023708486650211802,-0.11239398143410677,0.20639889804416017,-0.9784679324771745,0.1817346020628835,-2.552894914100973,-0.12954588690947638,-0.018574501263502463,1.37,0.0,0.01
0.2054430887130953,-2.6652888955350797,0.0768530111346838,-0.9970424337406769,0.23616760211689652,2.496148885130525,0.8569949035552258,0.639372093581883,0.12,0.58,0.0
0.4416106908299918,-0.1691400104045548,0.9338479146899096,-0.3576703401587939,-0.3248439038551984,-0.5044827158914459,-0.7630533605003151,-0.6276363228954949,0.39,0.06,0.0
0.11676678697479342,-0.6736227262960007,0.1707945541895945,-0.9853066630542887,-1.2199983160001282,2.0618724445374226,-0.7929526184141762,1.7681983178318328,0.0,0.64,1.65
-1.1032315290253347,1.3882497182414217,-0.6221580642245818,0.782891654777544,1.7562746562829248,-1.04875149465847,1.5094216881900597,-0.32162897301405396,0.0,0.69,0.1
0.65304312725759,0.33949822358295184,0.8872636239654781,0.46126268176349,-2.024049792889469,-2.1022976893053134,-1.5011876125152637,-1.2506278293872768,1.31,0.0,1.24
-1.371006665631879,-1.7627994657223616,-0.6139239885497857,-0.7893651476237867,2.31032995571447,2.1060852260827234,1.553165870290623,1.1326211564334376,0.0,0.92,0.19
0.9393232900825912,0.34328576036036174,0.9392418817408372,0.34325600880965096,0.2135256589046579,-0.6126389483981696,0.03453291370828182,-0.5707700693598206,0.69,0.85,0.0
1.152848948987249,-0.26935318803780783,0.973774795449119,-0.22751406055016965,-3.0927083872068573,1.0681088996919859,-1.8984545619706124,0.6082598148085152,0.17,0.0,1.74
-1.9398594382196082,0.798755711654178,-0.9246797665214934,0.3807457542583455,0.6002144044354396,-0.26453049777033555,-0.004186801236491733,-0.010331257644754066,0.02,0.0,1.19
-1.3396450337841685,0.5342252138838425,-0.9288665677579852,0.37041449661359144,1.6383560801318016,-4.39350859805473,1.006036407055325,-1.3674324582887174,1.58,0.08,0.0
0.29871104634763307,-3.859283384170887,0.07716983929733989,-0.9970179616751259,-2.025771657304836,3.0096582407694283,-0.974468140575475,0.5555932698834535,0.62,0.0,1.57
-1.7270606109572029,-0.8496251434014586,-0.8972983012781351,-0.44142469179167243,1.850091823154761,0.6510770860786568,1.4240258600188602,-0.40860947155885785,0.0,0.08,0.0
0.12303121219755818,-0.19854805732280184,0.5267275587407251,-0.8500341633505303,-1.2252373069217968,0.14562565306414266,-1.5255768288803255,0.8020744350194869,0.63,0.0,1.22
-1.1022060947242387,-0.0529224042586592,-0.9988492701396005,-0.04795972833104332,1.4336728135997308,0.5811146251184154,1.530400163720255,0.8949860841982076,0.0,0.97,0.74
0.33146671887549195,0.5281922208597561,0.5315508935806543,0.8470263558671642,-0.8082292143720666,0.8149179293519325,-0.8660698075506064,0.09536268067579334,0.0,0.8,1.41
-0.4767624954965746,1.3431101502116887,-0.33451891396995204,0.9423890365429576,-1.0933854842789912,-0.055962434096129554,-0.43883909897629814,-0.3084194916815127,0.0,0.0,1.52
-1.5701479797755657,1.2871477161155591,-0.7733580129462502,0.6339695448614449,1.3790589667462452,-3.0407458556310294,0.6650296103079707,-1.6280847077987368,1.08,0.0,0.16
-0.1910890130293206,-1.7535981395154705,-0.10832840263827942,-0.9941151629372921,3.701004052163678,2.6996255012969685,1.0738715973156867,1.2543580095481959,0.19,1.78,0.0
3.5099150391343574,0.946027361781498,0.9655431946774072,0.2602428466109038,-4.48923094758545,-1.4365780619948165,-1.8596441224510127,-0.7081083743693797,0.71,0.0,1.38
-0.9793159084510926,-0.49055070021331854,-0.8941009277736054,-0.4478655277584759,1.4206019511099037,-1.180840204483866,1.1493766302390307,-0.519002775440457,1.05,0.41,0.0
0.441286042658811,-1.6713909046971844,0.2552757024654253,-0.9668683031989329,0.2009710191056382,1.4767521693784798,0.7017423397628378,0.6768399134685786,0.23,0.55,0.0
0.6422570617644492,-0.1946387353187047,0.9570180422282631,-0.2900283897303543,1.3559052769242124,0.6281725802528514,0.02024446267695812,0.5020613977889402,0.11,1.31,0.0
1.9981623386886616,0.43353384493414665,0.9772625049052213,0.21203300805858596,-1.194178883649057,1.2219676062193243,-0.5404100906668927,0.6875001865341116,0.0,1.18,1.28
0.8039834550396047,1.655501451153471,0.43685241423832855,0.8995331945926975,0.5270025936334809,-0.36175844233728727,0.28021552747510814,-0.2025299184405296,0.0,1.22,0.77
1.3309860486730856,1.2937430088161836,0.7170679417134367,0.697003276152168,-2.5484730492320624,-0.07522473472294311,-1.42387530860564,0.01040279259965593,0.0,0.0,1.52
-1.2174870005589769,1.2185182740932405,-0.7068073668922034,0.7074060687518239,-0.49599533851247246,-1.302079323556755,-0.2920056494919957,-0.7561149827357936,0.96,0.0,1.49
-1.7134823390714493,-0.08356104946351439,-0.9988130163841991,-0.048708913983969676,2.0504494916448026,-2.6545039945387803,1.1209591235863758,-0.943803216166264,1.36,0.44,0.0
0.3369671525733533,-2.738065044002295,0.12214610720217685,-0.9925121301502337,0.07819286682018117,-0.33261717645427336,0.01183611477550385,0.0015283945652728725,1.44,0.29,0.0
0.4151600193935345,-3.0706822204565682,0.1339822219776807,-0.9909837355849608,-0.3764100639905247,2.419211187280111,-0.07460646003895786,-0.007251967490317979,0.2,0.0,0.0
0.03874995540300979,-0.651471033176457,0.059375761938722835,-0.9982357030752788,-0.3969835892740814,-2.7531361293089804,-0.16401834661385015,0.0037258089703940955,1.53,0.0,0.59
-0.3582336338710716,-3.4046071624854375,-0.10464258467512731,-0.9945098941048847,-0.05123725327809264,0.24892377639926977,-0.024035320232093968,0.002823453344153015,1.36,0.0,0.52
-0.40947088714916424,-3.1556833860861677,-0.12867790490722128,-0.9916864407607316,0.38747836181128725,2.696383698914145,0.08084996713344549,-0.007169148585550067,0.0,0.0,0.12
-0.021992525337877017,-0.4592996871720223,-0.047827937773775794,-0.9988555893462817,0.3410449975882055,1.587364488839523,0.31998364237672405,1.9611088161281267,0.0,1.11,1.19
0.3190524722503285,1.1280648016675008,0.27215570460294825,0.962253226781845,-2.114699253378457,-2.678260242879424,-1.0291018168365,-1.6157305279748637,1.31,0.0,1.46
-1.7956467811281287,-1.550195441211923,-0.7569461122335517,-0.6534773011930187,1.0486021126187688,0.10070527792632222,0.2988259116393055,-0.23541295176709087,0.84,0.0,0.66
-0.7470446685093598,-1.4494901632856008,-0.4581202005942462,-0.8888902529601096,0.3216397094415186,0.9530280831774898,-0.19255304196623924,0.1295324114809927,0.41,0.0,0.6
-0.4254049590678412,-0.496462080108111,-0.6506732425604854,-0.7593578414791169,0.3268276716015035,2.201393683849227,0.5929507356885769,1.7576905075781595,0.0,1.27,1.5
-0.09857728746633772,1.704931603741116,-0.05772250687190848,0.9983326660990426,1.2459529257425819,-5.35932243148698,0.3572765093986342,-1.9524120126788846,1.79,0.86,0.0
1.1473756382762441,-3.6543908277458645,0.2995540025267257,-0.9540793465798421,-0.6811122737051561,2.7562710518876994,0.16120829429870465,0.06655576614710002,0.5,0.36,0.0
0.46626336457108797,-0.8981197758581652,0.46076229682543035,-0.887523580432742,0.6839922863647482,2.9774900673456046,0.023288037111810822,1.7625637362057474,0.0,1.61,1.47
1.1502556509358361,2.0793702914874395,0.4840503339372412,0.8750401557730053,-1.1952870475882846,-1.405370378484836,-0.5507138808684797,0.12273535580790462,0.0,0.43,0.74
-0.04503139665244855,0.6739999130026035,-0.06666354693123859,0.9977755115809099,-1.903645378371315,-1.3924434366264715,-0.8715998920780009,-1.34369706196272,1.1,0.0,1.6
-1.9486767750237635,-0.718443523623868,-0.9382634390092395,-0.34592155038181016,1.9222734546402926,0.5381300178205468,0.7933784200325364,-0.6435269481647895,0.0,0.0,0.34
-0.026403320383470815,-0.18031350580332112,-0.14488501897670308,-0.9894484985465997,-1.2526489713411295,1.8872965296372222,-0.45475937636891167,1.789715078587646,0.0,0.66,1.68
-1.2790522917246003,1.706983023833901,-0.5996443953456148,0.8002665800410461,1.8255607815191883,-2.5176759693762314,1.1586187884001289,-1.6294514978424601,0.78,0.64,0.0
0.5465084897945879,-0.8106929455423303,0.558974393054514,-0.829184917801414,-0.7457952953969957,1.4503891244229328,-0.856408629847925,1.7839272258527128,0.0,0.63,1.11
-0.19928680560240786,0.6396961788806026,-0.2974342367934109,0.9547423080512988,0.6749881959374036,-0.8684798544378347,1.1986266669303798,-1.388161509130144,0.39,0.51,0.0
0.47570139033499576,-0.2287836755572321,0.9011924301369688,-0.43341920107884535,2.8762981220722614,1.1476425199632718,0.06322897978970543,0.6977889120425744,0.14,1.7,0.0
3.3519995124072572,0.9188588444060396,0.9644214099266742,0.2643697109637291,-3.930936277173684,0.13378568696142168,-1.446328830389383,0.6118524287377156,0.0,0.19,1.28
-0.5789367647664265,1.0526445313674613,-0.4819074204627088,0.8762221397014447,0.6872026924694539,0.5840655613251893,0.5479116793383739,0.12159720156744158,0.0,1.1,1.23
0.10826592770302734,1.6367100926926506,0.06600425887566515,0.9978193412688863,-1.0448782490724473,-1.0930606826292273,-0.9308693821241028,-0.49581503990438114,0.5,0.0,1.23
-0.9366123213694201,0.5436494100634234,-0.8648651232484376,0.5020043013645051,-0.49770661712269304,0.7112549293477343,0.1122559947148557,0.15646323743138912,0.0,0.0,1.49
-1.4343189384921131,1.2549043394111576,-0.7526091285335819,0.6584675387958943,0.9974218595878279,1.4938251077457725,0.5956345274153565,0.32913510123893985,0.0,1.51,1.79
-0.43689707890428525,2.74872944715693,-0.1569746011182254,0.9876026400348341,1.393857239075284,-2.179273526038699,1.0163319002864215,-0.476227012568738,0.0,0.85,0.0
0.9569601601709986,0.5694559211182308,0.8593572991681961,0.5113756274660961,-0.02516132110830982,-0.6822310502008321,0.13339812648035365,-0.6315283005340174,0.76,0.7,0.0
0.9317988390626888,-0.1127751290826012,0.9927554256485498,-0.12015267306792134,-0.5750972090461282,0.7809584960848661,-0.5218206604671153,1.0023207108835674,0.0,0.82,1.01
0.35670163001656063,0.6681833670022649,0.4709347651814345,0.882168037815646,-2.9745348443222124,-3.336975375176387,-1.1711930774142605,-1.596057592402932,1.79,0.0,1.77
-2.617833214305652,-2.668792008174122,-0.7002583122328261,-0.7138895545872862,3.763216979205648,2.462346181020948,1.6844001503352395,0.5365062337918874,0.28,0.93,0.0
1.1453837648999958,-0.20644582715317383,0.9841418381024133,-0.17738332079539879,-0.9043399102654213,-0.5986917744195963,-0.6973369892542138,-0.780605707678916,0.56,0.22,0.0
0.2410438546345746,-0.8051376015727701,0.2868048488481994,-0.9579890284743148,1.6406256642033301,1.4590355066263445,0.657784719796938,1.286242812621266,0.0,1.34,0.33
1.8816695188379047,0.6538979050535745,0.9445895686451374,0.3282537841469511,-1.8397620108047639,-0.6098561752349114,-0.2552535751040286,0.3961879926775859,0.0,0.17,0.25
0.0419075080331409,0.04404172981866302,0.6893359935411089,0.724441776824537,2.4244976415106443,0.7538120884246592,0.26211991158788506,-0.4166566884996363,0.24,1.47,0.0
2.4664051495437853,0.7978538182433222,0.9514559051289939,0.30778508832490076,-2.2762378163958523,-0.9280278777736813,-0.12626912563138992,-0.8726450523357809,0.0,0.0,0.2
0.1901673331479329,-0.13017405953035913,0.825186779497604,-0.5648599640108801,-1.441318434697292,1.3965985686286537,-1.5279908138689469,1.2762434676651075,0.0,0.45,1.62
-1.251151101549359,1.2664245090982946,-0.7028040343713429,0.7113835036542275,3.6811040553944396,0.22171999157469902,1.555589973504142,-0.18912289627761336,0.0,1.52,0.07
2.4299529538450804,1.4881445006729936,0.8527859391327991,0.5222606073766142,-0.6993926836337687,-1.0899972923548344,0.12175468721133809,-0.29804961833999993,0.29,1.05,0.0
1.7305602702113116,0.39814720831815925,0.9745406263441372,0.22421098903661424,1.4727209971909474,-0.1717776388123639,0.02297170223225875,-0.15371876011670962,1.08,1.7,0.0
3.203281267402259,0.22636956950579534,0.9975123285763959,0.07049222891990461,-4.273818308395284,-0.22629254967907197,-1.9975123259883518,-0.07042028388337164,0.58,0.0,1.42
-1.0705370409930248,7.701982672335406e-05,-0.9999999974119559,7.194503653296829e-05,-1.0532494436801194,1.4540629748761837,0.17487799409022942,0.5648826368851829,0.0,0.38,1.79
-2.1237864846731442,1.454139994702907,-0.8251220033217265,0.5649545819217159,2.1828781041507597,-1.6910452724472476,1.0671383665098966,-1.535226749897883,0.0,0.0,0.05
0.05909161947761546,-0.23690527774434061,0.2420163631881702,-0.9702721679761672,0.7357193305337903,-2.5482268172235667,0.032404352305972994,0.008662438976048126,1.45,0.49,0.0
0.7948109500114058,-2.7851320949679073,0.2744207154941432,-0.9616097290001191,-0.22828128514477153,3.1647656481024766,0.5563094728575713,1.5182849971422607,0.0,0.98,0.85
0.5665296648666343,0.37963355313456915,0.8307301883517144,0.5566752681421415,1.3800564733104563,-1.763676033884317,-0.015736000419514617,-1.1361443990168882,1.26,1.16,0.0
1.9465861381770906,-1.3840424807497478,0.8149941879321998,-0.5794691308747466,-3.464884667108047,2.1519671737521247,-1.7073488171475908,1.0308040571964994,0.0,0.0,1.55
-1.5182985289309565,0.767924693002377,-0.892354629215391,0.4513349263217527,2.1325997874049465,-0.6298168130871845,1.8680017526604837,-0.23198887435519477,0.18,0.65,0.0
0.6143012584739902,0.13810787991519244,0.9756471234450927,0.21934605196655793,-0.1105090774156754,-3.4490768447630864,-0.8252199872156678,-1.2079671506114402,1.5,0.05,0.0
0.5037921810583148,-3.310968964847894,0.150427136229425,-0.9886210986448822,-1.946440786077766,3.582769690857256,-1.1331380412498924,1.1737677355407596,0.0,0.0,1.41
-1.4426486050194511,0.2718007260093621,-0.9827109050204674,0.18514663689587735,1.441430490272714,-1.3900990513187956,0.9816216482483399,-1.1851460436555437,0.72,0.0,0.0
-0.0012181147467371267,-1.1182983253094336,-0.0010892567721275822,-0.9999994067596663,-2.2682929317935994,2.2101360857360914,-0.9000504609196746,1.4335281938065465,0.0,0.26,1.79
-2.2695110465403365,1.091837760426658,-0.9011397176918021,0.43352878704688025,2.2558571591204757,-1.0355188657165022,0.6655262943109022,0.5383180706023755,0.0,0.29,0.32
-0.013653887419860677,0.05631889471015594,-0.23561342338089997,0.9718468576492557,1.8374118719258705,-2.2532019826402547,0.8743543922926935,-1.7412687020451783,1.51,1.13,0.0
1.82375798450601,-2.196883087930099,0.6387409689117935,-0.7694218443959225,-0.6500346103474408,4.720167306919082,-0.21697984754956923,1.6761288293184382,0.0,1.7,1.66
1.173723374158569,2.523284218988983,0.4217611213622243,0.9067069849225157,-2.355490456351406,-2.030275405886481,-1.3446699734038483,-0.5216884778047253,0.51,0.0,1.42
-1.181767082192837,0.49300881310250183,-0.9229088520416239,0.3850185071177904,1.414011098502479,-0.9373654344469278,1.3861108847700754,-1.2712712232638288,0.21,0.0,0.0
0.23224401630964187,-0.4443566213444259,0.46320203272845156,-0.8862527161460384,-0.37351036432917295,0.5885952187914691,-1.1629095626846289,1.6006821196021288,0.0,0.0,0.38
-0.14126634801953109,0.14423859744704332,-0.6997075299561772,0.7144294034560904,0.7460773118308014,0.42004004206961626,1.4308903839267182,-0.03224787771716031,0.0,0.69,0.02
0.6048109638112703,0.5642786395166596,0.731182853970541,0.6821815257389301,0.48875732039856523,-2.5346939372673565,-0.2459152994905765,-1.5565472390243005,1.38,0.75,0.0
1.0935682842098355,-1.970415297750697,0.48526755447996445,-0.8743657132853705,1.7690320369928028,2.4564500563069074,0.500622828875801,1.0417579233986904,0.36,1.57,0.0
2.8626003212026383,0.48603475855621026,0.9858903833557654,0.1673922101133199,-0.9034143042637581,0.8100085125773474,-0.15186475999488225,0.3843335003420569,0.0,1.31,0.75
1.9591860169388802,1.2960432711335577,0.8340256233608832,0.5517257104553768,-0.9124749103722176,-0.024671830136169248,-0.19842716953714123,0.2202941115031456,0.0,1.09,1.17
1.0467111065666626,1.2713714409973884,0.6355984538237419,0.7720198219585224,0.6161511184570632,1.0720770895815328,-0.05690474642835042,0.04352514493231496,0.0,1.6,1.36
1.6628622250237257,2.343448530578921,0.5786937073953915,0.8155449668908373,0.8397501804131273,0.09735080193608159,0.13719886642221124,-0.11733452386322962,0.0,1.8,1.07
2.502612405436853,2.440799332515003,0.7158925738176027,0.6982104430276077,-0.3189835785238939,-1.5493588429311445,0.20993082641455518,-0.32025405456120604,0.04,1.18,0.0
2.183628826912959,0.8914404895838584,0.9258234002321579,0.37795638846640167,-1.9640460024026787,-0.8869975888567133,0.07397196794767746,-0.35772715797813787,0.2,0.0,0.0
0.21958282451028052,0.00444290072714505,0.9997953681798354,0.020229230488263788,-0.1392908040338653,-0.9196526349741543,-0.9124003168359242,-1.0164029628264515,0.69,0.0,0.0
0.08029202047641522,-0.9152097342470092,0.08739505134391123,-0.9961737323381876,0.5858214522056807,1.0671661284800544,0.8875581483569608,1.218583845401941,0.0,0.59,0.06
0.666113472682096,0.15195639423304508,0.974953199700872,0.22241011306375347,-1.5835745314205916,0.4027725981979462,-1.8306913381550642,0.2949990464946697,0.0,0.0,1.37
-0.9174610587384956,0.5547289924309913,-0.8557381384541922,0.5174091595584231,0.18372698466324933,-2.226898546907951,0.45392675269945654,-1.4331316122032511,1.13,0.0,0.82
-0.7337340740752463,-1.6721695544769601,-0.4018113857547357,-0.9157224526448279,2.5820437791269972,2.1797601558831983,1.3661093648704308,1.1805420279661893,0.0,1.29,0.0
1.8483097050517507,0.507590601406238,0.9642979791156951,0.2648195753213616,-2.1095164083893074,-0.18190464669009077,-1.58995348666446,0.5152798964602168,0.0,0.0,0.96
-0.26120670333755647,0.32568595471614725,-0.6256555075487649,0.7800994717815783,2.566036462372323,-1.4020583605092662,1.5317203267078798,-1.203238389256868,1.54,1.48,0.0
2.3048297590347664,-1.076372405793119,0.9060648191591151,-0.42313891747528976,-1.8272177977283852,-0.5382013510341628,-0.6224025294089779,-0.5357853263384273,0.9,0.0,0.0
0.47761196130638106,-1.6145737568272818,0.2836622897501372,-0.9589242438137171,1.3006701878963067,0.4079748436000581,0.5438334930975212,0.3974523127527414,1.0,1.17,0.0
1.7782821492026877,-1.2065989132272237,0.8274957828476583,-0.5614719310609757,-1.5258578119389457,0.8460323519245903,-0.25399113402156026,-0.25773037470656424,0.0,0.21,0.0
0.2524243372637419,-0.3605665613026334,0.5735046488260981,-0.8192023057675399,0.41712712921989725,2.22582313290808,-0.23565232867377112,1.7604014397278775,0.0,1.35,1.37
0.6695514664836392,1.8652565716054468,0.33785232015232697,0.9411991339603376,-0.5529017453854822,-1.8353284353954724,0.630775672421743,-0.6926839191304859,0.23,0.0,0.04
0.11664972109815695,0.029928136209974313,0.9686279925740701,0.24851521482985167,-0.34004458633924123,-0.459762411184224,-1.429787419027609,-1.1358325106113794,0.49,0.0,0.76
-0.2233948652410843,-0.4298342749742497,-0.46115942645353886,-0.8873172957815276,-1.23746287769062,1.2321109102006211,-0.41535910578635143,1.368685411302309,0.0,0.0,1.5
-1.4608577429317042,0.8022766352263715,-0.8765185322398903,0.48136811552078146,1.5574811410955143,-3.081284165036582,0.9188776173599881,-1.4804705666777127,1.25,0.0,0.01
0.09662339816381002,-2.2790075298102104,0.0423590851200978,-0.9991024511569313,1.1815377088411052,3.100360305119682,0.7989158482267216,1.5397099673110306,0.0,1.33,0.72
1.2781611070049153,0.8213527753094718,0.8412749333468194,0.5406075161540992,-0.7058215525225607,-0.4253824576888029,-0.01890474525199426,0.028345270756099605,0.0,0.64,0.49
0.5723395544823545,0.3959703176206689,0.8223701880948251,0.5689527869101988,2.48322518521623,-0.151784422106584,0.17445181078846417,-0.48929161354246736,0.49,1.57,0.0
3.0555647396985846,0.24418589551408493,0.9968219988832893,0.07966117336773143,-3.837588444315937,-0.574860402886364,-1.9178660149124518,-0.46911966992015236,0.68,0.0,1.29
-0.7820237046173524,-0.330674507372279,-0.9210440160291624,-0.38945849655242093,1.403409950863737,0.46746144857895183,1.8976614417882427,0.6044431557811845,0.0,0.52,0.0
0.6213862462463845,0.13678694120667284,0.9766174257590802,0.21498465922876348,-0.8077681341168865,-0.00034584518169450407,-1.7835154727667974,0.37570607350295265,0.0,0.0,0.37
-0.18638188787050206,0.13644109602497834,-0.8068980470077173,0.5906907327317161,1.9225858273261691,1.2322313421915654,1.5922238590169087,0.02839195075418477,0.0,1.51,0.84
1.736203939455667,1.3686724382165436,0.7853258120091914,0.6190826834859009,-1.5544531809552928,-1.867574312299848,-0.44303074292727296,-1.558675193929766,0.68,0.0,0.29
0.18175075850037423,-0.4989018740833045,0.3422950690819184,-0.939592510443865,1.2784816641257721,-0.5171283179682609,0.4785531198710934,0.36844607502422533,1.09,0.93,0.0
1.4602324226261463,-1.0160301920515653,0.8208481889530118,-0.5711464354196397,-1.6725792791534368,1.4534783005023346,-1.25753925612301,1.470757969279632,0.0,0.09,0.63
-0.21234685652729063,0.43744810845076926,-0.43669106716999834,0.8996115338599923,0.1444057766876543,-2.683466280415183,0.4064553292210474,-1.8991543294173823,1.37,0.0,0.48
-0.06794107983963632,-2.246018171964414,-0.03023573794895094,-0.99954279555739,0.7393469017148326,-2.1859982241708233,0.18001673304195917,0.01082359704400615,1.7,0.28,0.0
0.6714058218751964,-4.4320163961352375,0.14978099509300824,-0.9887191985133839,-0.6062971651364645,1.6412499087982715,-0.1264573149270637,-0.011008767457117874,1.14,0.0,0.4
0.06510865673873194,-2.790766487336966,0.02332368016594455,-0.9997279659705017,-1.1143709441288903,1.0536977669745655,-0.5403610793295454,0.14376515844546722,0.81,0.0,1.13
-1.0492622873901583,-1.7370687203624005,-0.5170373991636008,-0.8559628075250345,1.1638804121741146,-0.5928106842614669,0.5661728523079685,-0.14282931661506781,1.03,0.08,0.0
0.11461812478395639,-2.3298794046238673,0.04913545314436769,-0.9987921241401023,-0.3437659189958706,4.306364444696657,-0.1643010678644247,1.992138428903024,0.0,1.33,1.67
-0.22914779421191422,1.9764850400727896,-0.115165614720057,0.9933463047629217,3.1009939179984176,-0.770143904334903,1.037128719978638,-0.6060685845904924,0.0,1.57,0.0
2.8718461237865034,1.2063411357378866,0.921963105258581,0.38727772017242934,-2.0713624417066407,-1.985140160684052,-0.20521481481542425,-1.0846096986065263,0.69,0.38,0.0
0.8004836820798626,-0.7787990249461654,0.7167482904431568,-0.6973319784340971,-1.071983188421087,-0.3563416271072135,-0.9493643178529447,-0.27523667404864094,0.95,0.0,0.82
-0.27149950634122444,-1.1351406520533789,-0.2326160274097879,-0.972568652482738,-0.33882941500250063,2.9770652270154767,-0.08192017876808835,1.9218141291657869,0.0,1.05,1.66
-0.6103289213437251,1.8419245749620978,-0.31453620617787625,0.9492454766830488,0.099556480676385,0.413067747485244,0.09362492227412181,0.026048430118380317,0.0,1.05,1.57
-0.5107724406673401,2.254992322447342,-0.22091128390375445,0.9752939068014291,-0.09372881308984415,-2.568808210770261,-0.6666206749685958,-1.4360400646586693,0.69,0.0,0.78
-0.6045012537571842,-0.3138158883229193,-0.8875319588723503,-0.46074615785724005,1.1553265798236725,-3.054261407683967,1.0489307499002394,-0.5261431116430093,1.47,0.03,0.0
0.5508253260664883,-3.368077296006886,0.16139879102788912,-0.9868892695002494,-0.9624450468791252,3.091000110850106,-0.990962778753515,0.4284776021178802,0.0,0.0,0.84
-0.411619720812637,-0.2770771851567798,-0.8295639877256259,-0.5584116673823691,-0.49825763943786383,-0.5825494348851249,0.1026696876886889,-0.12833768760372144,0.68,0.0,1.07
-0.9098773602505008,-0.8596266200419047,-0.726894300036937,-0.6867493549860906,-1.28280225578458,1.6971985604219992,-0.2072719730416367,1.0435873774031077,0.0,0.05,1.75
-2.1926796160350808,0.8375719403800944,-0.9341662730785737,0.35683802241701706,1.987308358323484,-0.8549020216411891,-0.06229228555104982,-0.44092334178831494,0.08,0.0,0.4
-0.20537125771159662,-0.017330081261094712,-0.9964585586296235,-0.08408531937129789,1.2040862822635914,-3.7416157284946903,1.2532400213147141,-0.882384173381218,1.7,0.74,0.0
0.9987150245519947,-3.758945809755785,0.25678146268509067,-0.9664694927525159,2.168143859107868,4.389563910305166,0.7239628674293412,1.1617655729702052,0.0,1.64,0.28
3.1668588836598626,0.6306181005493816,0.980744330114432,0.19529608021768938,-0.11101912482214393,-2.6185423261576486,-0.14250487824752134,-0.7405984012597525,1.6,1.46,0.0
3.0558397588377186,-1.987924225608267,0.8382394518669106,-0.5453023210420631,-4.86898799265807,1.7553571310286373,-1.8301133734255148,0.41807762323556064,0.78,0.0,1.74
-1.8131482338203517,-0.23256709457962957,-0.9918739215586042,-0.1272246978065025,3.361247296703855,-1.7168389840578158,1.6137662382636295,-0.6558780709430765,1.33,1.12,0.0
1.548099062883503,-1.9494060786374454,0.6218923167050253,-0.783102768749579,-1.273127028952021,1.7083538527516327,0.13007189322039314,0.12389883445364258,0.12,0.24,0.0
0.27497203393148195,-0.24105222588581265,0.7519642099254185,-0.6592039342959364,2.1304948274274174,-2.837617003448073,-0.13627939605994688,-0.1287885846885014,1.73,1.34,0.0
2.4054668613588994,-3.0786692293338858,0.6156848138654716,-0.7879925189844378,-1.38703298116871,3.219905787480215,0.37483561243957353,0.925358035299384,0.0,0.72,0.0
1.0184338801901893,0.1412365581463293,0.9905204263050451,0.13736551631494617,-0.7092635270063092,-1.9439830586534939,-0.8214885774230078,-1.122976105778919,1.08,0.16,0.0
0.30917035318388014,-1.8027465005071646,0.1690318488820373,-0.9856105894639728,0.287015560125816,-1.154771089249957,0.028576365628827344,0.005329510610653343,1.35,0.0,0.0
0.5961859133096962,-2.9575175897571215,0.19760821451086463,-0.9802810788533195,-0.5427876025686913,2.0070523971320844,-0.1415154309571217,-0.018144481533228785,0.51,0.0,0.0
0.05339831074100492,-0.9504651926250369,0.05609278355374292,-0.9984255603865483,0.3977941907310842,0.6835929556283622,0.8046177011201863,0.48933081323984084,0.05,0.5,0.0
0.4511925014720891,-0.2668722369966748,0.8607104846739292,-0.5090947471467074,0.8798693886288899,-1.8486428680709122,-0.32816343817142635,-0.33730565648118604,1.31,0.77,0.0
1.331061890100979,-2.115515105067587,0.5325470465025028,-0.8464004036278935,-1.656341052234539,-1.849312007266274,-0.6143135297641632,-0.15025111130348945,1.66,0.0,0.75
-0.32527916213356006,-3.964827112333861,-0.08176648326166037,-0.9966515149313829,0.607894829975762,5.660157427418316,0.2461997848967583,1.9830397190951294,0.0,1.52,1.63
0.28261566784220205,1.6953303150844543,0.16443330163509792,0.9863882041637465,-2.4214743081197208,-0.24762772311755143,-0.9925679682322576,-0.42585901314867436,0.0,0.0,1.76
-2.138858640277519,1.4477025919669029,-0.8281346665971596,0.5605291910150721,0.5463024838413515,-0.41637931702642095,-0.01123211980242722,-0.016963741515906183,0.0,0.24,1.33
-1.5925561564361674,1.031323274940482,-0.8393667863995868,0.543565449499166,1.7264349714534775,-2.334590564116243,0.9415545552966417,-1.5383305775006666,0.68,0.07,0.0
0.1338788150173101,-1.3032672891757613,0.10218776889705482,-0.9947651280015007,-2.052926249081372,-0.7328255995914301,-0.7880686946694546,0.2670513410896437,1.23,0.0,1.54
-1.9190474340640618,-2.0360928887671914,-0.6858809257723998,-0.7277137869118571,2.3629301038248767,1.0927002183180299,1.1116254897112452,-0.17712960632065278,0.72,0.52,0.0
0.44388266976081475,-0.9433926704491615,0.4257445639388454,-0.9048433932325098,-0.10424780553342122,-1.5393414847663232,-0.29020816829842777,-0.08592897490096019,1.29,0.24,0.0
0.33963486422739353,-2.4827341552154847,0.13553639564041764,-0.99077236813347,-0.4004469484397612,-0.9992317004137408,-0.15299860358598857,-0.009075155888900954,1.52,0.0,0.36
-0.06081208421236768,-3.4819658556292254,-0.017462207945570934,-0.999847524022371,0.39941233587203967,3.4837260504749246,1.0174486963032854,1.005045898961398,0.0,0.7,0.61
0.338600251659672,0.001760194845698962,0.9999864883577144,0.005198374939026939,0.8276203311116042,0.07397035379118932,-0.0020882330586063924,0.05960187252189137,0.31,0.94,0.0
1.1662205827712762,0.07573054863688829,0.997898255299108,0.06480024746091831,-1.0064004310758832,0.06239929565688461,-0.2413173200652644,0.5890998125181909,0.0,0.39,0.39
0.1598201516953931,0.1381298442937729,0.7565809352338436,0.6539000599791092,-0.40713353807564295,-1.028715457932975,-1.02415297636131,-1.6174379174641595,0.85,0.0,0.67
-0.24731338638024986,-0.890585613639202,-0.26757204112746646,-0.9635378574850505,0.03398871515003038,0.8939571752976956,-0.7323030858299252,0.9793407208945664,0.0,0.0,0.67
-0.21332467123021948,0.0033715616584936384,-0.9998751269573917,0.0158028634095159,0.35842390503012633,-4.276473444548921,1.0338119853700707,-1.0152268423299127,1.73,0.0,0.24
0.14509923379990688,-4.273101882890428,0.03393685841267891,-0.9994239789203968,0.6203786015624928,4.353207735983409,0.9606320891351868,1.1035037972019957,0.0,0.8,0.3
0.7654778353623997,0.08010585309298113,0.9945689475478657,0.10407981828159883,2.69228737530425,0.14610239525184726,0.003297985062697406,-0.038799003317432135,0.52,1.72,0.0
3.4577652106666497,0.2262082483448284,0.9978669326105631,0.0652808149641667,-3.0277365063523285,-0.37983149310358644,-0.056153854898511324,-0.40169793591090897,0.0,0.28,0.0
0.4300287043143213,-0.15362324475875805,0.9417130777120518,-0.33641712094674225,-2.2747893485483366,-1.9946450650985945,-1.5931938782390263,-0.42224800052961287,1.37,0.0,1.53
-1.8447606442340154,-2.1482683098573525,-0.6514808005269744,-0.7586651214763551,4.746482668481678,0.952668004226453,1.5760720919211204,0.37770456724782947,1.23,1.69,0.0
2.901722024247663,-1.1956003056308995,0.924591291394146,-0.38096055422852565,-3.397321993844081,1.4813234477302852,-1.7909281052680162,0.8804207878076076,0.0,0.09,0.96
-0.4955999695964183,0.28572314209938576,-0.8663368138738703,0.49946023357908187,-0.49714313256939613,0.14214137438746,-0.052001392319392714,-0.10366364561281366,0.0,0.0,1.2
-0.9927431021658144,0.42786451648684576,-0.918338206193263,0.3957965879662682,2.833524003585935,0.4128360136587096,1.8279619741172368,0.019636440123450283,0.0,1.36,0.18
1.8407809014201204,0.8407005301455553,0.9096237679239737,0.4154330280897185,-2.213545650399917,-0.457723357680314,-1.607111658431319,0.3011635408356521,0.0,0.16,0.87
-0.3727647489797963,0.3829771724652413,-0.6974878905073454,0.7165965689253706,3.228045072782373,-2.077798697589225,1.5574088863066526,-1.227023724338881,1.61,1.54,0.0
2.855280323802577,-1.6948215251239835,0.8599209957993071,-0.5104271554135105,-3.6823983835253133,3.309940161532321,-1.3157366946895774,1.4005013369541137,0.0,0.86,1.75
-0.8271180597227364,1.6151186364083374,-0.45581569889027024,0.8900741815406031,2.6957915641649826,-0.6532729525637979,1.344946003162292,-0.43242005228452174,0.0,1.26,0.0
1.868673504442246,0.9618456838445395,0.8891303042720218,0.4576541292560814,-1.4270780099205689,-3.39311440438895,-0.7104224682335094,-1.4415563140988796,1.29,0.0,0.0
0.44159549452167707,-2.4312687205444106,0.1787078360385123,-0.9839021848427983,0.42091059096574396,-1.1253502099735755,0.0569684345276672,0.01207056594371303,1.43,0.18,0.0
0.862506085487421,-3.556618930517986,0.2356762705661795,-0.9718316188990853,-0.30715407032636355,-1.416596197526292,-0.12469746398177095,-0.021991154279865532,1.79,0.35,0.0
0.5553520151610575,-4.973215128044278,0.11097880658440856,-0.9938227731789508,-1.3365145598280597,6.105981744516223,-0.6786842749201534,1.8170545152915183,0.0,1.13,1.75
-0.7811625446670022,1.1327666164719445,-0.5677054683357448,0.8232317421125674,-0.27000433169285654,-3.092211819382097,0.09497252821544705,-1.7044374884199884,1.2,0.0,0.93
-1.0511668763598587,-1.9594452029101528,-0.4727329401202977,-0.8812057463074211,3.666122895532462,0.17351264748466977,1.2985179008193273,0.3172206412884123,1.36,1.66,0.0
2.6149560191726033,-1.785932555425483,0.8257849606990295,-0.5639851050190088,0.8789439440037912,2.770566318186451,0.13672408567337468,0.8352346868643732,0.02,1.71,0.0
3.4938999631763945,0.9846337627609678,0.9625090463724042,0.2712495818453644,-2.3376615756853925,0.4130317554123344,-0.32508868486976106,0.4992666624622035,0.0,1.19,1.29
1.156238387491002,1.3976655181733022,0.6374203615026431,0.7705162443075679,-0.8873637545511357,-2.6916723258398703,-0.4339810842374791,-1.749603809577308,0.92,0.0,0.0
0.2688746329398663,-1.2940068076665683,0.20343927726516403,-0.9790875652697402,0.36651630435340293,-2.623374366154097,-0.04333376125180391,-0.008012340384239591,1.59,0.31,0.0
0.6353909372932692,-3.917381173820665,0.16010551601336012,-0.9870999056539798,-0.17707704334922647,3.5527857744637963,0.6224726366508266,0.36454755044784226,0.1,0.4,0.0
0.45831389394404276,-0.36459539935686874,0.7825781526641867,-0.6225523552061375,1.5195954025316358,0.7232662082445969,0.20137474645040898,0.8009807507153229,0.0,1.29,0.13
1.9779092964756786,0.35867080888772807,0.9839528991145957,0.17842839550918546,-2.4736237474533427,-1.0283495145559134,-1.5789139404871024,-0.9821829346870008,0.74,0.0,1.06
-0.4957144509776641,-0.6696787056681854,-0.5949610413725067,-0.8037545391778154,1.3385684196600156,1.0700006756286267,1.4982525279880115,1.2327819161690179,0.0,0.78,0.0
0.8428539686823514,0.4003219699604412,0.9032914866155047,0.4290273769912025,1.976812243383291,-1.764908466517492,-0.0031612597176797763,-0.8646482840019544,1.41,1.47,0.0
2.8196662120656426,-1.3645864965570507,0.900130226897825,-0.43562090701075185,-2.4651374160979267,0.781748080450515,-0.38044258212015547,-0.41873543074618136,0.07,0.1,0.0
0.3545287959677161,-0.5828384161065356,0.5196876447776695,-0.8543563377569332,2.702165487865583,-1.0822051326462314,0.3584788309436583,0.37600119675896854,1.46,1.56,0.0
3.056694283833299,-1.665043548752767,0.8781664757213278,-0.47835514099796467,-4.78378997844554,1.9518102290411208,-1.8646604919382197,0.6421524424661713,0.45,0.0,1.69
-1.7270956946122413,0.28676668028835367,-0.9864940162168919,0.16379730146820667,1.2487613694858852,-0.23853369717674996,-0.008460548488238517,-0.06347076374052266,0.0,0.0,0.87
-0.47833432512635604,0.0482329831116037,-0.9949545647051304,0.10032653772768402,1.3257367561745894,0.22963341832280623,1.945174299378396,0.21125403906982526,0.0,0.7,0.0
0.8474024310482334,0.27786640143440994,0.9502197346732657,0.3115805767975093,2.6845972822519513,0.7487295829792135,0.010040787286481834,-0.032475345808204326,0.0,1.71,0.0
3.5319997133001846,1.0265959844136234,0.9602605219597475,0.27910523098930495,-3.138107551570618,-1.190248062637036,-0.036793155148149514,-0.6627822076689769,0.0,0.0,0.11
0.39389216172956665,-0.1636520782234126,0.923467366811598,-0.38367697667967193,-1.6895084432923402,-1.8095483515214559,-1.4723321036489074,-0.4522342032051955,1.34,0.0,1.29
-1.2956162815627736,-1.9732004297448684,-0.5488647368373093,-0.8359111798848674,2.750022579296186,2.624334905781698,1.461570897304386,1.2445277050590786,0.0,1.28,0.42
1.4544062977334125,0.6511344760368292,0.9127061604670768,0.40861652517421115,-0.09524355236652515,-2.3020075950503873,-0.2771047538705318,-1.180633916126315,1.19,0.74,0.0
1.3591627453668873,-1.6508731190135584,0.635601406596545,-0.7720173909521039,-1.675799170757851,1.7924105811909543,-1.548543941025594,1.1801055295083043,0.0,0.0,0.81
-0.3166364253909638,0.141537462177396,-0.912942534429049,0.40808813855620035,3.7082619560977297,-2.5278092165883064,1.7307974898996092,-0.9835125660983826,1.68,1.66,0.0
3.391625530706766,-2.3862717544109104,0.8178549554705602,-0.5754244275421821,-3.7461582864021468,3.170376663546195,-1.2298478579779073,1.4866114820395404,0.0,0.68,1.36
-0.35453275569538084,0.7841049091352847,-0.411992902507347,0.9111870544973583,3.232714620661629,0.7260218223456936,1.2975071124609077,-0.44657476024512793,0.0,1.72,0.51
2.878181864966248,1.5101267314809783,0.8855142099535608,0.46461229425223033,-2.430670942993174,-2.905914853162952,-0.5802070989217751,-1.416866235148998,0.82,0.0,0.05
0.4475109219730741,-1.3957881216819734,0.3053071110317857,-0.9522539408967677,1.3382649868165557,3.412569491286688,0.35762075056034776,1.7009372186082985,0.0,1.7,1.28
1.7857759087896299,2.0167813696047148,0.6629278615921335,0.7486832777115308,0.12427092995425393,-4.412321759622987,-0.03950447384127176,-1.530567719048765,1.49,0.94,0.0
1.9100468387438838,-2.395540390018272,0.6234233877508617,-0.7818844413372341,-0.9411461250682622,2.8648770832071913,0.2765486760362752,1.217832012041237,0.0,0.73,0.22
0.9689007136756216,0.4693366931889192,0.8999720637871369,0.43594757070400286,-1.3027827914787076,0.19446356131254744,-1.3493182703933024,0.4574101329112115,0.0,0.38,1.1
-0.3338820778030861,0.6638002545014666,-0.44934620660616553,0.8933577036152144,-1.3074785464051155,0.19849068841274375,-0.4359236673587026,-0.428280021662805,0.2,0.0,1.54
-1.6413606242082017,0.8622909429142104,-0.8852698739648681,0.4650776819524094,0.38857456818374825,-0.07792009161247904,0.03769131976922557,0.06559226676112406,0.0,0.0,1.17
-1.2527860560244535,0.7843708513017313,-0.8475785541956425,0.5306699487135335,0.7953492952797958,-1.025009302208741,-0.03743353408257,-0.9962379927215359,0.2,0.0,0.69
-0.4574367607446576,-0.2406384509070097,-0.8850120882782125,-0.4655680440080024,0.17557525091532572,0.13067840050611534,-0.04660435157392728,0.10212505123303595,0.0,0.0,0.47
-0.2818615098293319,-0.10996005040089435,-0.9316164398521398,-0.36344299277496644,-1.5146577634834442,-3.1024343052783214,0.4435140066831089,-0.5093433583640004,1.74,0.0,1.42
-1.7965192733127762,-3.2123943556792156,-0.4881024331690309,-0.8727863511389667,0.4713021009842542,1.658249822854019,-0.16073740400522785,0.11186134452157259,0.91,0.0,1.09
-1.325217172328522,-1.5541445328251966,-0.6488398371742587,-0.7609250066173942,1.422467366883207,-0.06350705674944246,0.7088496253010547,-0.23727278206427638,0.87,0.1,0.0
0.09725019455468502,-1.617651589574639,0.06000978812679596,-0.9981977886816705,0.2684112310673304,0.3229409390771778,0.21178541435576187,0.03584267340069203,0.68,0.43,0.0
0.3656614256220154,-1.2947106504974613,0.27179520248255784,-0.9623551152809785,-1.949271050599898,1.126137217749968,-1.2661772227013701,0.8565042869159931,0.49,0.0,1.53
-1.5836096249778826,-0.16857343274749328,-0.9943820202188123,-0.10585082836498542,2.411424351040802,0.8705473332047502,1.7570794546830633,0.7526062871449247,0.0,0.96,0.25
0.8278147260629195,0.7019739004572569,0.7626974344642509,0.6467554587799393,1.3111435706265784,0.34981289232975654,0.1346790983751499,-0.20548982641193375,0.0,1.5,0.52
2.138958296689498,1.0517867927870135,0.8973765328394008,0.4412656323680056,-1.1984882815120756,-4.202014505652764,-0.6113120911061491,-1.3994760138478992,1.57,0.5,0.0
0.9404700151774223,-3.1502277128657505,0.28606444173325163,-0.9582103814798936,-2.068859600981396,1.678007042060538,-0.8943897291463637,0.16452256836080925,0.91,0.0,1.34
-1.1283895858039739,-1.4722206708052126,-0.6083252874131121,-0.7936878131190843,1.6546171206627365,-1.3661276135770202,0.7906180067192573,-0.18955649247742967,1.28,0.3,0.0
0.5262275348587626,-2.8383482843822327,0.18229271930614518,-0.983244305596514,2.9100558820200697,3.3463537340835154,0.8069555007551441,1.1294905332592158,0.1,1.65,0.0
3.4362834168788323,0.5080054497012826,0.9892482200612893,0.14624622766270182,-2.5895660381051986,0.7978559835798452,-0.4452054049988058,0.6928112288793924,0.0,1.05,1.2
0.846717378773634,1.3058614332811278,0.5440428150624835,0.8390574565420942,-0.828477086973271,-1.4917958181864288,-0.4464107912008751,-1.8342800386395295,0.5,0.0,0.58
0.01824029180036288,-0.18593438490530106,0.09763202386160844,-0.9952225820974353,-0.04714773304373051,-1.663647908134148,-0.11325928812199579,-0.0046553047526219915,1.11,0.0,0.29
-0.02890744124336763,-1.849582293039449,-0.01562726426038736,-0.9998778868500573,-0.7486328012751704,1.5522545993856298,-0.9184113880295566,0.6427059450231758,0.02,0.0,1.09
-0.777540242518538,-0.2973276936538191,-0.934038652289944,-0.35717194182688144,0.6571575798609289,-2.2093868811710697,0.8860698553962638,-0.6416768928445982,1.31,0.0,0.32
-0.12038266265760911,-2.5067145748248887,-0.04796879689368017,-0.9988488346714797,-1.3557784750628201,-0.20983712668505206,-0.42948817758095814,0.1201937046429089,1.47,0.0,1.35
-1.4761611377204291,-2.7165517015099407,-0.4774569744746383,-0.8786551300285708,0.24584937925505623,3.385055824265881,-0.4012105513082219,1.3560892921228083,0.0,0.6,1.47
-1.2303117584653729,0.6685041227559398,-0.8786675257828602,0.47743416209423745,0.36753419347307725,-0.36507709905389113,-0.06469376075432776,-0.14566694993652363,0.0,0.28,1.04
-0.8627775649922956,0.3034270237020487,-0.943361286537188,0.3317672121577138,1.1268888476526626,-0.4031541261956046,1.878889894997947,-0.6850181466950144,0.0,0.32,0.16
0.26411128266036704,-0.09972710249355587,0.9355286084607588,-0.35325093453730055,3.2237787303547005,0.6749098018985501,0.051145180487614406,0.5159618260051466,0.45,1.74,0.0
3.4878900130150674,0.5751826994049942,0.9866737889483732,0.16271089146784606,-3.1507857539615296,-0.9051295780820414,-0.2720209729758656,-0.8621902354248818,0.01,0.0,0.0
0.33710425905353764,-0.32994687867704725,0.7146528159725076,-0.6994793439570358,-0.1937741158855507,0.21026365700193667,0.05293219484663336,0.0585321923401656,0.13,0.0,0.19
0.14333014316798692,-0.1196832216751106,0.767585010819141,-0.6409471516168702,-0.06852569627320923,2.4364842943901004,-0.735314011680238,1.6404263072847494,0.0,1.32,1.62
0.07480444689477769,2.31680107271499,0.03227099913890298,0.9994791556678793,-1.8400229372483188,-0.45799522410238436,-0.7208877702946126,-0.2743536889498188,0.06,0.0,1.64
-1.765218490353541,1.8588058486126056,-0.6886167711557096,0.7251254667180604,1.5532773569033922,-4.464309482926605,0.6075409259175917,-1.7218334015309247,1.41,0.0,0.33
-0.2119411334501489,-2.6055036343139992,-0.08107584523811799,-0.9967079348128642,2.8351817065412175,-0.6568579557501928,0.707713680642015,0.21739732713430937,1.78,1.65,0.0
2.6232405730910684,-3.262361590064192,0.6266378354038971,-0.7793106076785549,-4.520437034960076,2.2783669679972585,-1.514342050268406,0.31889641707211186,0.91,0.0,1.72
-1.8971964618690074,-0.9839946220669336,-0.8877042148645088,-0.460414190606443,3.758369775067279,1.6108162287003513,1.835400625820271,0.7795873609412424,0.03,1.21,0.0
1.8611733131982715,0.6268216066334178,0.9476964109557623,0.31917317033479936,1.698509010392012,0.5980162281841652,-0.0021076086241073044,0.006190959379873129,0.0,1.7,0.0
3.5596823235902835,1.224837834817583,0.945588802331655,0.3253641297146725,-4.1943806172896085,-1.0917120112952774,-1.9242921466187202,-0.12008440864774855,0.48,0.0,1.19
-0.634698293699325,0.13312582352230556,-0.9787033442870653,0.20527972106692394,0.5734127852594312,-1.170407556470936,0.9197233982357483,-1.2035388888003256,0.8,0.0,0.27
-0.061285508439893804,-1.0372817329486304,-0.05897994605131693,-0.9982591677334016,-0.09231630679512881,0.9539869153645002,-0.8200870244028419,0.5215608758793748,0.0,0.0,0.34
-0.15360181523502262,-0.08329481758413021,-0.8790669704541588,-0.47669829185402685,-1.930178230067702,1.081492565806506,-0.02279630966528967,0.9087198468396422,0.21,0.0,1.68
-2.0837800453027246,0.9981977482223757,-0.9018632801194485,0.43202155498561545,4.135873170569859,0.37606972575306596,1.7327521170707936,0.12441688781793603,0.0,1.52,0.49
2.0520931252671346,1.3742674739754417,0.830888836951345,0.5564384428035515,0.21032275025740033,-0.6097258211606876,0.11647950482995573,-0.23629281189388468,0.39,1.32,0.0
2.262415875524535,0.7645416528147541,0.9473683417813007,0.3201456309096668,-1.8863944201135032,-1.6930111984487324,-0.5719934443542649,-1.2470187000953252,0.73,0.0,0.0
0.37602145541103166,-0.9284695456339784,0.3753748974270358,-0.9268730691856585,0.09025481731282858,-1.6866781303459615,-0.19984488474741513,-0.057601011046366835,1.32,0.0,0.0
0.46627627272386024,-2.61514767597994,0.17553001267962065,-0.9844740802320253,0.14962423737835856,0.33567017612221184,0.08531014407471599,0.019092076761703214,1.1,0.34,0.0
0.6159005101022188,-2.279477499857728,0.26084015675433664,-0.9653820034703221,-0.21565536050143141,2.828316392137377,0.32838017534560576,1.7733544041375935,0.0,1.03,1.09
0.4002451496007874,0.548838892279649,0.5892203320999424,0.8079724006672713,3.340680924004159,-0.21625605124012887,0.4068509916195059,-0.7194177956837584,0.61,1.79,0.0
3.740926073604946,0.3325828410395201,0.9960713237194483,0.08855460498351284,-3.2476698996045927,-0.07044485800518036,-0.11302655361579772,0.38073414833643504,0.01,0.39,0.0
0.4932561740003536,0.26213798303433977,0.8830447701036506,0.46928875331994785,0.763215836921951,0.2992461789436238,0.029968873140356678,-0.06135973100074027,0.0,1.03,0.33
1.2564720109223046,0.5613841619779636,0.9130136432440072,0.4079290223192076,1.5815429606454752,-1.2035185894741505,0.06233184320315388,-0.6286124654388732,1.09,1.47,0.0
2.83801497156778,-0.6421344274961869,0.9753454864471611,-0.22068344311966565,-2.588227687245828,0.15465685088732228,-0.5193197235632441,-0.669283131301049,0.32,0.0,0.21
0.24978728432195177,-0.4874775766088646,0.456025762883917,-0.8899665744207147,2.5421038056831167,0.9908118794351009,0.5281087316148767,1.0673906334927687,0.18,1.51,0.0
2.7918910900050684,0.5033343028262363,0.9841344944987938,0.1774240590720541,-2.17999608175798,-0.8384889772334302,-0.10708008387604395,-0.6578151089545233,0.36,0.29,0.0
0.6118950082470886,-0.33515467440719393,0.8770544106227498,-0.4803910498824692,-1.4272500926873275,0.09720520782331837,-1.8370108630570559,0.2002417871139549,0.46,0.0,1.17
-0.8153550844402387,-0.23794946658387556,-0.9599564524343059,-0.2801492627685143,0.4987595078061377,1.6936300605260661,0.7474349736509225,1.2573056581606357,0.0,0.94,1.4
-0.31659557663410104,1.4556805939421906,-0.2125214787833835,0.9771563953921214,1.9982231578454386,0.5747179618688332,0.850381299672403,-0.20700391120770478,0.0,1.57,0.87
1.6816275812113375,2.030398555811024,0.6378598208890194,0.7701524841844166,-1.6236672375083208,-1.2758367068256573,-0.5612721882379786,0.2269103696642809,0.0,0.43,0.82
0.0579603437030167,0.7545618489853665,0.0765876326510407,0.9970628538486975,-2.1458486318575303,0.37599272412812024,-0.9559474830984913,-0.5209050507822799,0.0,0.16,1.72
-2.0878882881545135,1.1305545731134867,-0.8793598504474506,0.47615780306641764,-0.4981054209351279,0.23453935752217703,-0.004987643492163851,-0.009328594508594357,0.31,0.0,1.78
-2.5859937090896414,1.3650939306356638,-0.8843474939396144,0.4668292085578233,2.1918691618479604,-1.2865413916925617,-0.096363301147398,-0.27136479645219247,0.0,0.12,0.59
-0.3941245472416811,0.0785525389431021,-0.9807107950870124,0.19546441210563079,0.4793434630993949,-1.101165709165671,1.0637573895157306,-1.1920100774686346,0.83,0.26,0.0
0.08521891585771381,-1.022613170222569,0.0830465944287181,-0.9965456653630038,-1.4146325737103724,-2.005333774258963,-0.4850546815164227,0.08090954882102053,1.51,0.0,1.21
-1.3294136578526585,-3.027946944481532,-0.40200808708770464,-0.9156361165419833,3.872036423483248,2.153541267241996,1.3476513330731215,0.5904302566283518,1.04,1.58,0.0
2.5426227656305898,-0.8744056772395364,0.9456432459854168,-0.3252058599136315,-0.41795804587102703,2.2983938010997735,-0.1149569417350279,0.8819466110095345,0.0,1.54,0.9
2.1246647197595627,1.4239881238602372,0.8306863042503889,0.556740751095903,-2.7156693691043365,-1.6852243114676153,-1.7453187787321016,-0.9610270810941598,0.6,0.0,1.06
-0.5910046493447736,-0.2612361876073781,-0.9146324744817126,-0.40428632999825675,3.755111161777543,-0.6836714372955439,1.8728184289653842,0.118140079576877,1.3,1.7,0.0
3.164106512432769,-0.944907624902922,0.9581859544836717,-0.28614625042137976,-4.517301130870265,1.8142101748141939,-1.7995364189204532,0.826636209617674,0.0,0.0,1.49
-1.3531946184374957,0.869302549911272,-0.8413504644367816,0.5404899591962943,0.9756446116789594,-1.6793866275591975,0.4189145523992522,-1.446882754964785,0.54,0.0,0.52
-0.37755000675853617,-0.8100840776479257,-0.42243591203752945,-0.9063927957684906,3.873934272644312,-0.8301305840857651,1.3277669825466787,0.4816862467599337,1.55,1.8,0.0
3.4963842658857756,-1.6402146617336908,0.9053310705091493,-0.4247065490085569,-3.712734171435965,0.004068760101147539,-1.0364213958690918,-0.5666638795382222,1.15,0.0,0.96
-0.21634990555018968,-1.6361459016325433,-0.13109032535994253,-0.991370428546779,-1.9731315840963588,2.3914793030001724,-0.8142374352750166,1.3174922232384148,0.22,0.0,1.76
-2.1894814896465484,0.7553334013676293,-0.9453277606349592,0.32612179469163566,3.9881538244093178,0.3773663457719131,1.7915176753380009,0.20675964451868173,0.0,1.38,0.44
1.7986723347627693,1.1326997471395424,0.8461899147030416,0.5328814392103174,-0.8318257152300007,-3.995486410986627,-0.526216341566861,-1.4803079073303849,1.47,0.56,0.0
0.9668466195327686,-2.8627866638470847,0.31997357313618063,-0.9474264681200675,1.719402051261211,4.357594085297316,0.5538455630171795,1.433677552738082,0.0,1.78,0.9
2.6862486707939794,1.494807421450231,0.87381913615336,0.4862510846180146,-1.3915095605484396,-1.9628511650804563,0.06661890763224299,-0.8262162090068379,0.51,0.74,0.0
1.29473911024554,-0.4680437436302254,0.940438043785603,-0.33996512438882337,-1.6513515949537314,-0.5294270026759406,-1.277086652032272,-0.601665224827673,0.88,0.0,0.98
-0.35661248470819157,-0.997470746306166,-0.33664860824666876,-0.9416303492164964,-0.3822676281234176,-1.2721181495601925,0.02708370101395946,-0.009247964875272241,1.39,0.0,0.96
-0.7388801128316091,-2.2695888958663586,-0.3095649072327093,-0.9508783140917686,1.1936734199888916,2.894564622764674,0.8979612514006994,1.759450971414377,0.0,1.05,0.99
0.4547933071572824,0.6249757268983155,0.5883963441679901,0.8085726573226083,2.0121448728353215,0.013063756763723733,0.37974693042013175,-0.5581757726179688,0.28,1.45,0.0
2.466938179992604,0.6380394836620392,0.9681432745881219,0.25039688470463944,-1.8899093504615032,-2.77021850215334,-0.7069118353436823,-1.2156730810082046,1.11,0.0,0.0
0.5770288295311005,-2.1321790184913008,0.26123143924443953,-0.9652761963035651,-1.941944365632113,1.7409251472146592,-1.2225172710185572,0.6897230260616991,0.52,0.0,1.49
-1.3649155361010123,-0.39125387127664163,-0.9612858317741176,-0.27555317024186604,1.7807799494428713,-2.628837912129528,1.0976979073095972,-0.7150990117312535,1.35,0.0,0.0
0.415864413341859,-3.02009178340617,0.13641207553547954,-0.9906521819731194,1.3733106397153323,4.482812614625447,0.6377889792202427,1.6235919317243317,0.0,1.66,1.09
1.7891750530571913,1.4627208312192763,0.7742010547557222,0.6329397497512123,-2.293091088311479,-1.8800592934578857,-1.5443667372406318,-1.270783634665502,0.6,0.0,1.0
-0.5039160352542879,-0.41733846223860943,-0.7701656824849095,-0.6378438849142897,0.7328248234003027,0.1913532713391202,1.4818023317397633,-0.06470382125044061,0.0,0.16,0.12
0.2289087881460149,-0.22598519089948924,0.7116366492548537,-0.7025477061647303,0.17096778497768533,0.2710460901271414,0.2820740038822388,0.8145259979978036,0.03,0.34,0.0
0.39987657312370023,0.045060899227652204,0.9937106531370925,0.1119782918330733,-0.8319737141472525,-1.143846321732952,-1.359679560016802,-1.0426053703114886,0.99,0.0,0.73
-0.43209714102355223,-1.0987854225052998,-0.36596890687970945,-0.9306270784784153,1.5480511752563504,1.6540839831899425,1.2612539730743761,1.3761207936403819,0.0,0.95,0.02
1.115954034232798,0.5552985606846428,0.8952850661946666,0.4454937151619665,-3.19895923492372,-3.8511706333684472,-1.4295350439716392,-1.2908202563549567,1.75,0.0,1.58
-2.0830052006909217,-3.2958720726838044,-0.5342499777769727,-0.8453265411929902,1.9338674608172568,3.2832475762350684,-0.4621863589469458,0.7609782936936044,0.0,0.18,0.37
-0.14913773987366477,-0.012624496448736281,-0.9964363367239185,-0.08434824749938585,2.126066378521329,0.4087174317078816,1.9769495006836895,0.2808016396859284,0.0,1.29,0.0
1.9769286386476643,0.39609293525914535,0.9805131639597708,0.19645339218654256,-2.5838140972988386,0.7090197055235066,-1.4618676268679014,0.6800726376827507,0.0,0.51,1.4
-0.6068854586511744,1.105112640782652,-0.4813544629081305,0.8765260298692933,-0.2596040177862071,0.4409636628874931,-0.007543855329151361,-0.00418525103068057,0.0,0.75,1.54
-0.8664894764373815,1.546076303670145,-0.48889831823728186,0.8723407788386127,0.9733428419168015,-2.3309626760600786,0.6237926523878405,-1.863200768248861,0.56,0.0,0.22
0.10685336547942009,-0.7848863723899336,0.13489433415055868,-0.9908599894102483,0.3276592242706414,0.9331265451593493,0.8115420669673306,1.313750278268582,0.0,0.37,0.0
0.4345125897500615,0.14824017276941573,0.9464364011178892,0.32289028885833354,-0.4309058098578477,0.17420602489065737,-0.9352514211105757,0.6770471572962926,0.0,0.56,0.91
0.003606779892213814,0.3224461976600731,0.011184980007313482,0.9999374461546262,2.105937806367806,-1.528654614585451,0.8569244053152705,-1.4963103857019442,1.3,1.22,0.0
2.1095445862600197,-1.2062084169253777,0.868109385322584,-0.496372939547318,-1.3283626222652616,1.6825731248785143,-0.014329844800390568,1.0170076446772316,0.0,0.73,0.19
0.7811819639947581,0.47636470795313657,0.8537795405221934,0.5206347051299137,-0.11282345654267212,-2.563826035831659,-0.5488503250283889,-1.4730097224095213,1.28,0.39,0.0
0.668358507452086,-2.0874613278785223,0.3049292154938044,-0.9523750172796077,-0.6555387239356018,2.6804209362765303,-0.28331427200254805,1.9521413870970115,0.0,0.86,1.16
0.012819783516484242,0.592959608398008,0.02161494349125639,0.9997663698174037,2.0898711989138117,0.5919960578712322,0.8495722533994735,-0.5088153865475128,0.0,1.47,0.51
2.1026909824302957,1.1849556662692402,0.8711871968907299,0.49095098326989095,-0.6974923775041355,0.661917985438714,-0.26567391959011366,0.30488422015646355,0.0,1.45,1.31
1.4051986049261602,1.8468736517079543,0.6055132773006162,0.7958352034263545,0.025967322775261925,0.8452778636425284,-0.13611239662334396,0.08714996814755205,0.0,1.74,1.6
1.4311659277014221,2.6921515153504827,0.46940088067727226,0.8829851715739065,0.05341939949743524,-5.64508638688193,-0.020223439247942343,-1.7764277416985905,1.6,0.81,0.0
1.4845853271988574,-2.952934871531447,0.4491774414293299,-0.893442570124684,1.2741445997511787,2.3884092165544897,0.530520754888528,0.6929645310991194,0.97,1.55,0.0
2.758729926950036,-0.5645256549769572,0.9796981963178579,-0.20047803902556463,-2.461128748579237,-0.8762603747529655,-0.7774136110873259,-0.7788487432989625,0.88,0.0,0.45
0.29760117837079925,-1.4407860297299226,0.20228458523053205,-0.9793267823245271,0.07585151491818665,-0.5756080746196828,-0.020173459262611715,-0.003951173188915802,1.13,0.13,0.0
0.3734526932889859,-2.0163941043496054,0.18211112596792034,-0.9832779555134429,-0.5112638138349574,2.2882635028085225,-0.6342428836240701,1.8752291165748323,0.0,0.45,0.73
-0.13781112054597155,0.27186939845891717,-0.4521317576561498,0.8919511610613894,0.7775462558170637,0.7452243663271012,0.9845532681432774,-0.04547178436600563,0.0,1.2,0.98
0.6397351352710922,1.0170937647860183,0.5324215104871276,0.8464793766953838,1.2621220292140545,-1.366812403079651,0.4510890719386791,-1.027329962142184,0.89,1.22,0.0
1.9018571644851467,-0.3497186382936326,0.9835105824258067,-0.18085058544680044,-2.0620983365874395,0.5541633651813951,-1.600393939975588,0.967905172612207,0.0,0.12,0.57
-0.16024117210229283,0.20444472688776244,-0.6168833575497814,0.7870545871654065,-1.1779342292094142,-2.943628626565683,0.17793300362794456,-1.6855659041736533,1.57,0.0,1.21
-1.3381754013117069,-2.7391838996779203,-0.43895035392183684,-0.8985113170082468,1.179674193868659,3.4800193095025223,0.22973581533209958,1.8763810817738231,0.0,0.79,0.95
-0.15850120744304785,0.7408354098246018,-0.20921453858973726,0.9778697647655762,-0.6254529277711651,-1.216880613260665,-0.6455376419777767,-1.4969060927957825,0.51,0.0,1.13
-0.783954135214213,-0.4760452034360632,-0.854752180567514,-0.5190363280302063,-0.061749620522733806,0.2906208567795604,-0.12204484949365779,0.3048691922141008,0.6,0.0,0.85
-0.8457037557369468,-0.18542434665650284,-0.9767970300611718,-0.2141671358161055,-0.7765704738108029,-1.441017248927632,0.27059788762689163,-0.49384612057468225,1.25,0.0,1.38
-1.6222742295477497,-1.626441595584135,-0.7061991424342802,-0.7080132563907877,4.859431262174136,2.468034334491046,1.6740266067272223,0.959628040058786,0.0,1.69,0.0
3.2371570326263854,0.8415927389069107,0.9678274642929422,0.25161478366799833,-3.340184028396539,-1.3885875507129795,-1.1529237879633727,-1.2343351665662525,0.58,0.0,0.78
-0.10302699577015378,-0.5469948118060688,-0.18509632367043052,-0.9827203828982541,0.26702986416124735,0.5047269056691498,1.1534527644572932,0.7331491433961843,0.0,0.0,0.08
0.16400286839109357,-0.042267906136918984,0.9683564407868626,-0.24957123950206986,-0.15659820683328915,1.8095645411313503,-0.9641666537307355,1.2495624623057624,0.0,1.15,1.47
0.007404661557804428,1.7672966349944315,0.0041897870561270045,0.9999912228036926,-0.2924416918935139,-1.430573759797588,-0.6502874568499154,-0.236736480868186,0.07,0.0,0.65
-0.28503703033570943,0.33672287519684335,-0.6460976697937884,0.7632547419355066,-0.6779741430675836,0.8374387474460872,0.01193986826147686,0.009948907018444864,0.0,0.4,1.42
-0.9630111734032931,1.1741616226429306,-0.6341578015323115,0.7732036489539514,0.5196310850805502,-3.0104863239835655,0.39945259259898636,-1.7452702438431926,1.15,0.0,0.55
-0.4433800883227429,-1.836324701340635,-0.23470520893332517,-0.9720665948892412,2.725728451129328,2.6167479461471244,1.1809174498448476,1.2956131837279972,0.0,1.44,0.0
2.282348362806585,0.7804232448064895,0.9462122409115225,0.32354658883875603,-0.5470589017730896,-0.3420735286718339,0.0233321544081998,-0.07863095948016627,0.0,1.04,0.0
1.7352894610334955,0.4383497161346556,0.9695443953197223,0.24491562935858976,-2.366688432477171,0.14389483014916865,-1.7046873786364491,0.432996454971069,0.0,0.06,1.21
-0.6313989714436755,0.5822445462838243,-0.735142983316727,0.6779120843296588,0.8163465423095981,-0.828274120422123,1.3360271406132425,-1.47724820231136,0.0,0.14,0.04
0.18494757086592264,-0.24602957413829873,0.6008841572965156,-0.7993361179817013,3.273817126387477,0.7157266641608315,0.3900207496866348,0.9339001002232883,0.49,1.7,0.0
3.4587646972534,0.46969709002253274,0.9909049069831504,0.13456398224158692,-3.602808365324625,-0.5923342799536163,-1.7523220925448966,-0.7828261742065582,0.51,0.0,0.84
-0.14404366807122485,-0.12263718993108357,-0.7614171855617463,-0.6482621919649713,-0.1428035445467357,0.4975581947937938,0.15377606359356932,1.4424739187061817,0.0,0.0,0.82
-0.28684721261796053,0.37492100486271024,-0.607641121968177,0.7942117267412104,0.3287664492178209,-1.5862142494824796,0.6422274264217599,-1.7936134415407419,0.84,0.0,0.0
0.04191923659986034,-1.2112932446197693,0.03458630445358287,-0.9994017147995314,-2.294708810361347,2.474747016829661,-0.9067799307204555,1.488562504621695,0.0,0.0,1.79
-2.2527895737614867,1.2634537722098917,-0.8721936262668726,0.4891607898221637,0.23204245576256533,0.4854712508684562,0.1160622637462192,0.1652590773981556,0.0,0.67,1.65
-2.0207471179989214,1.748925023078348,-0.7561313625206534,0.6544198672203193,2.0998670142711466,-3.156719393262027,0.8122441298406619,-1.6528443046935268,0.91,0.25,0.0
0.07911989627222508,-1.407794370183679,0.05611276732000849,-0.9984244374732074,3.3240801442546988,2.1414426605819323,0.9214304860820763,1.2091593129164226,0.29,1.72,0.0
3.403200040526924,0.7336482903982533,0.9775432534020848,0.21073487544321512,-2.5586817079199053,0.9923423361550092,-0.5380388341079068,0.6875055519596531,0.0,1.17,1.38
0.8445183326070186,1.7259906265532625,0.43950441929417805,0.8982404274028682,-1.706675910434728,0.06975926453401926,-0.8723161193186797,0.0032439220574541627,0.0,0.5,1.5
-0.8621575778277094,1.7957498910872818,-0.43281170002450164,0.9014843494603224,0.5995725367299634,-4.483999668931547,0.33559556521923206,-1.8967476428322438,1.35,0.0,0.6
-0.26258504109774605,-2.6882497778442653,-0.09721613480526957,-0.9952632933719215,0.8903016905880726,3.5528414146053935,0.6847281737069639,1.8044787184260749,0.0,1.15,1.03
0.6277166494903266,0.8645916367611284,0.5875120389016943,0.8092154250541533,0.03557458496049015,-1.3981322712875808,0.19168777269238224,-1.435991025737329,0.56,0.52,0.0
0.6632912344508167,-0.5335406345264523,0.7791998115940766,-0.6267756006831756,-0.8214171330828183,-1.4375338294691318,-0.8591661011230277,-0.3700219678025084,1.19,0.0,0.67
-0.15812589863200158,-1.9710744639955842,-0.07996628952895111,-0.996797568485684,0.35944517371745704,1.19770692985998,0.33188579220851017,0.029049375942973188,0.5,0.23,0.0
0.20131927508545547,-0.7733675341356041,0.25191950267955904,-0.9677481925427108,-0.34659198363386934,0.23866328807428783,-0.5141032698123191,0.002730227812481223,0.53,0.0,0.65
-0.14527270854841387,-0.5347042460613163,-0.2621837671327601,-0.9650179647302296,-0.9539464582742884,1.4465016204268455,-0.5074882513695069,1.6034574559387904,0.0,0.4,1.47
-1.0992191668227023,0.9117973743655293,-0.7696720185022671,0.6384394912085607,-0.1154027864737166,-4.105509674745934,0.4141956510536753,-1.5731247602620286,1.73,0.0,1.07
-1.2146219532964189,-3.193712300380405,-0.3554763674485918,-0.9346852690534679,1.2668975325803227,2.0319787064286388,0.4004287865683783,-0.06430386002416077,0.63,0.0,0.0
0.05227557928390388,-1.1617335939517666,0.04495241911978654,-0.9989891290776287,0.7667576139281658,1.5279484154237983,0.8679467367575225,1.407174296861193,0.0,0.81,0.0
0.8190331932120697,0.36621482147203166,0.9128991558773091,0.40818516778356434,-0.6934025303416322,-1.056372981539951,-0.7338103777813667,-1.3920180852853636,0.64,0.0,0.0
0.1256306628704374,-0.6901581600679193,0.1790887780959423,-0.9838329175017994,0.40367442852188556,0.8182887239713083,0.7928394008787591,1.2191106574495483,0.0,0.55,0.02
0.529305091392323,0.12813056390338892,0.9719281789747015,0.2352777399477489,-0.3078473063389213,-0.09333168261716843,0.015950059960997076,-0.08004699222906128,0.0,0.08,0.0
0.22145778505340166,0.034798881286220495,0.9878782389356986,0.1552307477186876,1.660511132883258,0.38896235618870706,-0.01230382396879759,0.06443846009612839,0.0,1.28,0.0
1.8819689179366597,0.42376123747492755,0.975574414966901,0.219669207814816,-3.241047450075652,0.4746404318145464,-1.8097857612677517,0.3317756486331537,0.0,0.0,1.5
-1.3590785321389922,0.898401669289474,-0.8342113463008508,0.5514448564479697,1.440955167149473,-3.3179436213287623,0.8680317128344307,-1.550872784218419,1.31,0.0,0.33
0.08187663501048066,-2.4195419520392885,0.03382036653357993,-0.9994279277704492,1.0053926213198912,-0.6207135256839926,0.3029180496643358,0.057829691229768665,1.45,0.64,0.0
1.0872692563303719,-3.040255477723281,0.3367384161979157,-0.9415982365406805,-0.3139430756144299,4.307930944702851,0.18404245254313295,1.7952886293373425,0.0,1.32,1.22
0.773326180715942,1.2676754669795698,0.5207808687410487,0.8536903927966618,-1.0399772393430133,-1.9945704279176675,-0.8651754418224903,-1.7925153914157077,0.63,0.0,0.62
-0.26665105862707134,-0.7268949609380977,-0.3443945730814416,-0.9388249986190459,0.8037384486860788,1.9657990310903262,0.7421447602078939,1.856318752625509,0.0,1.18,0.9
0.5370873900590074,1.2389040701522285,0.3977501871264523,0.917493754006463,1.5743213004211682,-0.5910014747984621,0.5582527409858564,-0.6241366313032776,0.2,1.31,0.0
2.1114086904801757,0.6479025953537664,0.9560029281123088,0.2933571227031855,-0.8127090986209298,-0.2973271834603918,0.009439899193009915,-0.03274218221681868,0.11,0.88,0.0
1.2986995918592459,0.3505754118933746,0.9654428273053187,0.2606149404863668,-1.4667756786618567,-0.3008630984744629,-1.924377598254713,0.02301175970991659,0.0,0.0,0.75
-0.1680760868026107,0.04971231341891166,-0.9589347709493944,0.2836267001962834,-1.4462348403947043,1.0196038332359947,0.12524558489847093,0.2686072548098794,0.0,0.0,1.54
-1.614310927197315,1.0693161466549064,-0.8336891860509235,0.5522339550061628,0.03774868335190806,0.4799352871167937,0.12043150657489987,0.14866795158881718,0.0,0.7,1.65
-1.576562243845407,1.5492514337717,-0.7132576794760236,0.70090190659498,2.089060404131045,0.45067455914721766,0.9614951466936392,0.2677973036191005,0.0,1.36,1.13
0.5124981602856382,1.9999259929189177,0.24823746721761558,0.9686992102140805,-0.28466532079198625,-3.034342027902966,-0.03314037544960244,-1.9452918791979015,0.73,0.0,0.0
0.22783283949365193,-1.034416034984048,0.21509709176801314,-0.976592668983821,0.8717700823359289,-2.9036733498443175,0.05383829538295484,0.013434448576623903,1.73,0.77,0.0
1.0996029218295809,-3.9380893848283653,0.268935387150968,-0.9631582204071971,1.5873346780440822,5.332143138823216,0.618707494171437,1.4236906462337169,0.0,1.76,0.86
2.686937599873663,1.3940537539948512,0.887642881322405,0.46053242582651976,-3.593350332152543,-4.483917544007467,-1.1691315150473998,-1.4200969880544272,1.67,0.0,1.11
-0.9064127322788799,-3.089863790012615,-0.2814886337249948,-0.9595645622279075,1.8486384960305853,3.586741303008243,1.1660315640363736,1.4260233540157343,0.0,0.94,0.57
0.9422257637517055,0.4968775129956277,0.8845429303113789,0.4664587917878267,0.2914040596071654,0.945376670829239,-0.23453801209792802,0.2934712091322087,0.0,1.3,0.86
1.233629823358871,1.4422541838248668,0.6500049182134509,0.7599300009200354,-0.10044572640326499,-0.9688166872699531,0.2727022838831211,-0.3744284844520506,0.0,0.72,0.0
1.133184096955606,0.4734374965549138,0.922707202096572,0.38550151646798475,-1.7941179462182664,0.3818942967143269,-1.5341521807559886,0.40578543405766715,0.0,0.38,1.3
-0.6609338492626603,0.8553317932692407,-0.6114449786594167,0.7912869505256519,0.47724821358961567,-0.8415344597554234,-0.38574585842110554,-0.7163841171837327,0.0,0.0,0.48
-0.18368563567304463,0.013797333513817268,-0.9971908370805223,0.0749028333419192,3.6922175766696643,1.1982284430836834,1.9423820843447988,0.25161440371456645,0.05,1.73,0.0
3.50853194099662,1.2120257765975007,0.9451912472642765,0.32651723705648567,-3.3966260171391958,-2.4196480863720327,-0.852920241198747,-1.3222511681041602,1.0,0.0,0.66
0.11190592385742398,-1.2076223097745322,0.09227100606552947,-0.9957339310476745,-0.036112226917165646,1.1257151464785617,0.5869137629815121,0.26176659560656856,0.0,0.09,0.09
0.07579369694025834,-0.08190716329597059,0.6791847690470416,-0.7339673354411059,-1.0775074655480303,0.5227738716020165,-1.5944618541629447,1.1367921825666725,0.0,0.0,1.34
-1.001713768607772,0.44086670830604585,-0.915277085115903,0.40282484712556654,0.9386382900738814,-0.8817695941775405,0.773659129624459,-1.3927462352581916,0.44,0.0,0.0
-0.06307547853389048,-0.4409028858714946,-0.1416179554914439,-0.9899213881326251,-1.1766735076877413,-1.9208307760079033,-0.32316857049967657,0.10449861608691724,1.33,0.0,1.11
-1.2397489862216318,-2.361733661879398,-0.46478652599112047,-0.8854227720457079,0.05043024628060344,0.38825620225190316,-0.051377962390945275,0.028933296959597787,1.14,0.0,0.95
-1.1893187399410283,-1.9734774596274949,-0.5161644883820657,-0.8564894750861101,4.138047023258321,1.2004772309212481,1.4834792602237679,0.6029108242165317,1.03,1.68,0.0
2.9487282833172928,-0.7730002287062467,0.9673147718417022,-0.2535786508695783,-4.05898927115776,-1.5219927694242037,-1.4028059368105945,-0.6466143535656023,1.29,0.0,1.37
-1.1102609878404666,-2.2949929981304504,-0.4354911649688923,-0.9001930044351806,4.084679125701916,2.6672677039430583,1.427749632092358,1.024382917156747,0.02,1.55,0.0
2.9744181378614494,0.3722747058126079,0.9922584671234657,0.12418991272156639,-0.4513112032447273,-3.054966466464225,-0.3071500261050414,-0.8526310043997503,1.72,1.25,0.0
2.523106934616722,-2.682691760651617,0.6851084410184243,-0.7284410916781838,-3.8923750745039474,2.756084646499666,-1.6836750444130044,0.7819643444288455,0.28,0.0,1.46
-1.3692681398872253,0.07339288584804904,-0.9985666033945801,0.0535232527506617,4.128334280893151,-1.3008459870523896,1.9122304282697744,-0.45999393449096887,1.33,1.58,0.0
2.7590661410059254,-1.2274531012043406,0.9136638248751944,-0.40647068174030715,-4.054348533399594,1.7068115890371547,-1.8515011584006609,0.7535457973073021,0.0,0.1,1.46
-1.2952823923936683,0.47935848783281404,-0.9378373335254665,0.3470751155669949,-0.15001737545378568,0.5735397964798348,0.12957266978232174,0.24174423987589566,0.0,0.57,1.59
-1.445299767847454,1.0528982843126489,-0.8082646637431448,0.5888193554428905,1.8356555327887212,0.17215068987839555,1.1118690658844195,0.363978822032507,0.0,1.1,0.85
0.39035576494126717,1.2250489741910444,0.3036044021412747,0.9527981774753975,0.2842607450656978,-1.8718576759615906,0.41822278308549987,-1.644871522336758,0.52,0.49,0.0
0.674616510006965,-0.6468087017705463,0.7218271852267746,-0.6920733448613605,-2.470621112411089,-1.8006443252402016,-1.3134490970035855,-0.11414220541384423,1.46,0.0,1.47
-1.7960046024041239,-2.4474530270107477,-0.591621911776811,-0.8062155502752048,2.608051933025515,2.6046374532938827,1.5733986100807968,0.9962537429295351,0.0,0.72,0.16
0.8120473306213912,0.15718442628313503,0.9817766983039858,0.19003819265433025,1.7205714776830363,-1.8414768552667584,-0.14910172755993623,-0.743800229179403,1.45,1.34,0.0
2.5326188083044276,-1.6842924289836234,0.8326749707440496,-0.5537620365250728,-1.9018436773833798,-0.7229057165513453,-0.5791958162213482,-0.4135788125154587,1.25,0.0,0.43
0.6307751309210479,-2.4071981455349687,0.2534791545227014,-0.9673408490405315,0.13880834253955032,1.016050280884321,0.23058816138018473,0.09231008748150182,0.9,0.5,0.0
0.7695834734605982,-1.3911478646506477,0.48406731590288615,-0.8750307615590297,-0.6704828324289398,0.31691851701541984,-0.3922046123974029,-0.12074092095893774,0.59,0.0,0.27
0.09910064103165844,-1.0742293476352278,0.09186270350548324,-0.9957716825179674,-0.642221512645117,0.9288097784319291,-1.0578370807648714,0.7371339001304418,0.28,0.0,0.81
-0.5431208716134586,-0.14541956920329868,-0.9659743772593882,-0.2586377823875257,1.9986254412092301,0.646200933509913,1.9115707312911,0.5839799641622442,0.0,1.1,0.0
1.4555045695957716,0.5007813643066144,0.9455963540317116,0.32534218177471846,-0.47847341079544303,0.3897650919603086,-0.20653654808631028,0.3482976353649349,0.0,1.03,0.84
0.9770311588003285,0.890546456266923,0.7390598059454013,0.6736398171396534,-1.2193361581718085,-0.5806551633556615,-1.355023348101303,0.1141348427312735,0.0,0.11,0.52
-0.24230499937147998,0.3098912929112615,-0.6159635421559018,0.7877746598709269,0.2715189029577085,-1.1391842273037416,0.651169188264828,-1.787154748967189,0.67,0.0,0.0
0.029213903586228492,-0.8292929343924801,0.035205646108926146,-0.9993800890962622,0.0783486699983658,2.4210675500911965,0.03221459783113304,1.9971047558791692,0.0,1.23,1.5
0.1075625735845943,1.5917746156987163,0.06742024394005919,0.997724666782907,0.13559449930434414,-2.4245524290928353,0.21285970719070757,-1.9576429700744606,0.77,0.23,0.0
0.24315707288893842,-0.8327778133941189,0.28027995113076676,-0.9599183032915536,1.1680284181494032,2.6629142385903863,0.3303514916309547,1.7518332236654146,0.0,1.58,1.25
1.4111854910383417,1.8301364251962673,0.6106314427617214,0.7919149203738609,0.7445378205006592,-2.4926475523303804,0.34524576918810146,-1.0856814189318709,1.06,1.19,0.0
2.155723311539001,-0.6625111271341129,0.9558772119498229,-0.29376649855801,-2.8044790598964946,-1.1562904001631422,-1.2918387108721021,-0.6481092210790849,1.2,0.0,1.11
-0.6487557483574938,-1.818801527297255,-0.33596149892227917,-0.9418757196370949,0.7444371718157154,1.5980932805225243,0.7337130665177592,0.024382564090232983,0.22,0.0,0.0
0.09568142345822157,-0.22070824677473083,0.3977515675954801,-0.917493155546862,-1.9213739856513274,-1.0717843878391722,-1.213924945944938,0.3396860800678292,1.06,0.0,1.54
-1.825692562193106,-1.292492634613903,-0.8161733783494579,-0.5778070754790328,0.11602692698964479,2.325554442901204,-0.03971140282462804,1.0949736263643226,0.0,0.62,1.66
-1.7096656352034612,1.0330618082873013,-0.855884781174086,0.5171665508852898,1.7960400881468976,-1.1590919619683322,1.42120734078549,-1.3420364822044104,0.0,0.0,0.19
0.0863744529434365,-0.126030153681031,0.5653225596114041,-0.8248699313191205,1.1614820604025535,0.5923656765136318,0.371403523149597,1.174933134005764,0.0,1.04,0.15
1.24785651334599,0.4663355228326008,0.9367260827610011,0.35006320268664354,1.610783357577697,1.4847907097459978,-0.11077500957073394,0.21367860407940248,0.0,1.79,0.88
2.858639870923687,1.9511262325785985,0.8259510731902672,0.563741806766046,0.18829102444490475,-0.44755349107412945,0.07080574118122618,-0.12121811714221231,0.0,1.47,0.0
3.046930895368592,1.503572741504469,0.8967568143714933,0.4425236896238337,-1.376354814814114,-3.0232816261640716,-0.1570379153551651,-1.1154396951089693,1.26,0.87,0.0
1.6705760805544778,-1.5197088846596027,0.7397188990163283,-0.6729160054851356,-0.1353502733843086,2.44894081971266,0.11577715266526523,1.19072533869303,0.0,1.21,0.72
1.5352258071701692,0.9292319350530569,0.8554960516815935,0.5178093332078946,-0.37394177394003303,1.1065286700275916,-0.3600030378819058,0.3508025900787378,0.0,1.46,1.55
1.1612840332301362,2.0357606050806485,0.4954930137996877,0.8686119232866324,-1.367279585846559,-1.7957440431105418,-1.1467710106568296,-0.10977269735682549,0.07,0.0,0.65
-0.2059955526164228,0.24001656197010662,-0.6512779968571419,0.7588392259298069,0.8589290762055617,0.5819659393985566,1.273266875663769,0.024186849396471644,0.0,0.9,0.45
0.6529335235891389,0.8219825013686631,0.6219888788066271,0.7830260753262785,-1.4599916883815434,0.0029815942686001184,-1.321295463122712,-0.06820420861250043,0.0,0.0,1.24
-0.8070581647924044,0.8249640956372633,-0.699306584316085,0.7148218667137781,1.7201809297609096,-2.1773593931528246,1.2588871854358754,-1.5435978019643222,1.12,0.69,0.0
0.9131227649685051,-1.3523952975155613,0.5595806011197905,-0.828775935250544,-0.9006281451119471,1.2514336040115017,-0.4367615040988064,-0.16365314000216646,0.1,0.05,0.0
0.01249461985655793,-0.10096169350405958,0.12281909702098409,-0.9924290752527105,1.0380477405579123,-3.471791079872202,0.15928116872214665,0.033044147255790746,1.62,0.58,0.0
1.0505423604144701,-3.572752773376261,0.28210026574313074,-0.9593849279969198,1.135981610836876,3.4890954411901243,0.7171686068734731,0.9211524781729593,0.06,1.23,0.0
2.1865239712513462,-0.08365733218613708,0.9992688726166038,-0.038232449823960485,-1.7826279533714808,-2.106834888780901,-0.8179395796087151,-0.9451899861094787,1.22,0.0,0.31
0.40389601787986534,-2.190492220967038,0.1813292930078887,-0.9834224359334391,-0.24862211875664253,-2.348158493393393,-0.14713782942281878,-0.01599286503903985,1.73,0.0,0.43
0.1552738991232228,-4.538650714360431,0.034191463585069914,-0.999415300972479,-0.09433853551074349,-0.12359331135089491,-0.02112261533671637,-0.0004992979835826139,1.73,0.0,0.43
