PX,PY,cosP,sinP,dPX,dPY,dcosP,dsinP,P4,P5,P6
0.0,0.0,1.0,0.0,-0.028020409621763557,-0.0452120149951659,-1.5267897413669698,-0.849995628453771,0.12,0.0,0.0
-0.028020409621763557,-0.0452120149951659,-0.5267897413669698,-0.849995628453771,0.12647743482078944,0.0035410592593807383,1.447703077545071,0.46022822698294547,0.28,0.23,0.0
0.09845702519902587,-0.041670955735785165,0.9209133361781011,-0.3897674014708255,-0.17730096942695792,-0.08770590899545494,-1.4413071757225133,-0.46415897226652697,0.0,0.0,0.19
-0.07884394422793205,-0.1293768647312401,-0.5203938395444122,-0.8539263737373525,-0.1291786003418004,0.8806894918141464,0.2535543819231997,1.8176673679139088,0.0,0.0,0.97
-0.20802254456973246,0.7513126270829062,-0.26683945762121253,0.9637409941765563,-0.6648763225949215,-2.7158232903933928,-0.13921471992932427,-1.8775899996986705,1.45,0.0,1.72
-0.8728988671646539,-1.9645106633104865,-0.4060541775505368,-0.9138490055221142,1.254905974669127,1.4750577501501576,1.0213201062188972,0.12552937680552567,0.68,0.0,0.68
0.3820071075044729,-0.48945291316032885,0.6152659286683604,-0.7883196287165886,-0.7119578686404721,2.744726254400648,-0.7600267768897924,1.7777863016380224,0.0,1.52,0.68
-0.32995076113599914,2.2552733412403194,-0.144760848221432,0.9894666729214338,-0.4470131385874447,-4.030503143293795,-0.25618829690336253,-1.9055669856730977,1.44,0.0,1.7
-0.7769638997234438,-1.7752298020534756,-0.4009491451247945,-0.9161003127516639,0.8488927553939734,2.643315369213484,0.483525337685039,1.9126850670110562,0.0,0.0,0.67
0.07192885567052959,0.8680855671600086,0.08257619256024452,0.9965847542593923,-1.9458246918011388,-0.007650012377845461,-0.9913530260833937,-0.5793022757731294,0.0,1.03,1.4
-1.8738958361306093,0.8604355547821632,-0.9087768335231492,0.4172824784862629,1.3351189883403047,-0.09014334221617248,0.33561989355879096,0.4021631403138458,0.0,0.0,0.91
-0.5387768477903045,0.7702922125659907,-0.5731569399643582,0.8194456188001087,1.425796525432685,-0.9954283238824263,1.54242386522347,-1.065457056743037,0.99,0.1,0.0
0.8870196776423803,-0.22513611131643563,0.9692669252591118,-0.2460114379429283,0.737772409353712,0.8975927070574466,-0.04527597999430644,0.6284257853053821,1.07,1.31,0.0
1.6247920869960923,0.672456595741011,0.9239909452648054,0.3824143473624538,-2.1287509630605235,0.06212550854989929,-1.4897066815236462,0.4421859835549657,0.0,0.19,1.03
-0.5039588760644312,0.7345821042909103,-0.5657157362588408,0.8246003309174195,0.7160284073743971,-0.25234467217659895,0.9682715510965052,0.09079511146821095,0.22,0.0,0.6
0.21206953130996584,0.48223743211431136,0.40255581483766445,0.9153954423856304,0.47504782871441764,0.6955251313862058,0.10136401785193949,-0.051645014181926685,0.0,0.68,0.0
0.6871173600243835,1.1777625635005171,0.5039198326896039,0.8637504282037037,-1.9179817678714293,-1.316695303571299,-1.497609780536237,-0.9759123091996814,0.0,0.0,1.32
-1.2308644078470456,-0.1389327400707819,-0.993689947846633,-0.11216188099597765,0.9891879176875977,-1.586244174522888,0.8549566827067354,-0.8781679030374133,1.55,0.0,1.52
-0.24167649015944798,-1.7251769145936697,-0.1387332651398976,-0.990329784033391,-0.5208101261766933,0.47390889210769593,-0.3816345014086938,0.13638752161910417,1.27,0.0,1.47
-0.7624866163361412,-1.2512680224859738,-0.5203677665485914,-0.8539422624142868,0.4346697516531581,1.5885263976731698,-0.1766305881263457,1.571014987861595,0.0,0.0,0.86
-0.32781686468298316,0.3372583751871959,-0.6969983546749371,0.7170727254473082,1.2706942648035475,-0.15887010599973475,1.6795674472024689,-0.5311749621212722,0.78,0.29,0.0
0.9428774001205644,0.17838826918746117,0.9825690925275317,0.18589776332603591,-2.0568357043214034,0.07810456042634525,-1.9570702813111671,0.03848457345491796,0.0,0.24,1.26
-1.1139583042008392,0.25649282961380643,-0.9745011887836355,0.22438233678095387,2.088010429508044,-0.6430747565288493,1.9039744600409785,-0.593271802635122,0.79,0.46,0.0
0.9740521253072045,-0.38658192691504284,0.9294732712573431,-0.3688894658541682,-0.503497306605406,1.4866501705455375,-0.5361916688252956,1.28830753245308,0.0,0.56,0.0
0.47055481870179855,1.1000682436304947,0.3932816024320476,0.9194180665989117,0.8103275827855363,0.6033100442332946,0.20772351891850704,-0.12017289513373153,0.32,1.15,0.0
1.2808824014873348,1.7033782878637893,0.6010051213505546,0.7992451714651801,-0.7221597550628409,-1.1085769562566807,0.08365073358206732,-0.07037868142294978,0.03,0.11,0.0
0.5587226464244939,0.5948013316071087,0.6846558549326219,0.7288664900422304,2.3326913299500793,-0.7401945630377063,0.31408227340084915,-0.7790875116661982,1.75,1.14,0.0
2.891413976374573,-0.14539323143059762,0.9987381283334711,-0.05022102162396783,-0.4444661094007163,-1.7552630786700758,-0.20899108576783,-0.5632116224037392,1.66,0.0,0.0
2.446947866973857,-1.9006563101006735,0.7897470425656411,-0.613432644027707,-3.4397384762044414,4.156988709392452,-1.1924871364544094,1.5287470254150346,0.0,1.53,1.2
-0.9927906092305846,2.256332399291778,-0.40274009388876836,0.9153143813873275,2.8957418493064075,-3.337684087166359,1.2721712579908628,-1.4093684785144305,1.46,0.2,0.0
1.902951240075823,-1.081351687874581,0.8694311641020945,-0.4940540971271029,-3.048268742204362,0.9324979355246761,-1.8610909342814235,0.36517081579131216,0.0,0.0,1.31
-1.145317502128539,-0.148853752349905,-0.9916597701793289,-0.12888328133579074,-0.040479112051317045,-1.50843261594361,0.40976518705175713,-0.6843809402593741,1.21,0.0,1.68
-1.185796614179856,-1.6572863682935148,-0.5818945831275718,-0.8132642215951649,1.7323763370178566,0.011906461252982892,0.8971461567211314,-0.13574391606582725,1.44,0.0,1.13
0.5465797228380007,-1.645379907040532,0.31525157359355954,-0.9490081376609921,1.434651284056502,-0.054917608059132705,0.44360753636861866,0.2977533094812612,1.59,0.0,0.47
1.9812310068945027,-1.7002975150996646,0.7588591099621782,-0.6512548281797309,-0.5940628156598637,0.969588669062561,0.12589599141954033,0.18519859704552,0.91,0.0,0.13
1.387168191234639,-0.7307088460371036,0.8847551013817185,-0.4660562311342109,-0.8610116480565987,0.771217836094526,0.11229425067899856,0.5428194355703477,0.55,0.0,0.69
0.5261565431780403,0.04050899005742234,0.9970493520607171,0.07676320443613686,-2.2677142195950655,0.4355680773031113,-1.961657390233082,0.18692474123689073,0.0,0.9,1.38
-1.7415576764170253,0.4760770673605336,-0.9646080381723648,0.2636879456730276,2.936674133338558,-1.6904731981515884,1.6660344629025807,-0.9764298138765075,1.45,0.0,0.85
1.195116456921533,-1.2143961307910547,0.7014264247302159,-0.71274186820348,-0.15499779790025991,1.248987122445,0.2980210270480026,0.7459802666911569,0.68,0.0,0.07
1.040118659021273,0.03459099165394526,0.9994474517782185,0.03323839848767691,-1.110828064079739,-0.5699209490225545,-1.1303957380902498,-1.0246275987072184,0.53,0.0,1.04
-0.07070940505846596,-0.5353299573686092,-0.13094828631203137,-0.9913892002195416,0.16056020786600111,3.745394827737355,0.15892766675762185,1.9909977007185524,0.0,1.76,0.55
0.08985080280753517,3.210064870368746,0.027979380445590483,0.9996085004990108,1.9723309778976958,-4.672787313806213,0.7876698764621374,-1.5781552053603138,1.56,0.0,0.21
2.062181780705231,-1.4627224434374662,0.8156492569077278,-0.5785467048613029,-1.1252867314399055,1.7298834559861649,0.1460164439105529,0.8527712111872052,0.49,0.0,0.25
0.9368950492653255,0.26716101254869873,0.9616657008182807,0.2742245063259024,1.8980912339219507,-2.132328773071995,-0.12625473517471508,-0.8238503049220793,1.79,0.0,0.0
2.834986283187276,-1.8651677605232964,0.8354109656435657,-0.5496257985961769,-1.9708513216416375,3.0651034007359383,-0.25102549486054593,1.361101997592616,0.01,0.77,0.0
0.8641349615456387,1.199935640212642,0.5843854707830197,0.8114761989964391,-0.017190969397820832,-0.4911647401097139,0.18250521799432606,-0.16969845595247213,0.36,0.57,0.0
0.8469439921478179,0.7087709001029281,0.7668906887773458,0.641777743043967,-1.390390000641454,-2.576105518145071,-1.0463251834731826,-1.6019425013922841,1.41,0.0,1.67
-0.5434460084936361,-1.8673346180421428,-0.27943449469583675,-0.9601647583483172,1.5876157638452366,2.131775052117562,1.2488301781724584,1.205668340515449,0.56,0.23,0.0
1.0441697553516005,0.2644404340754191,0.9693956834766216,0.24550358216713167,1.4308949156210917,0.027351720237141885,0.023726578753780037,-0.12842167808981786,1.31,1.25,0.0
2.4750646709726922,0.291792154312561,0.9931222622304017,0.11708190407731381,1.1714513523106787,1.0656619015450766,-0.05595173531901032,0.23178971054420447,1.75,1.69,0.0
3.646516023283371,1.3574540558576376,0.9371705269113914,0.3488716146215183,-3.4973335040820306,-0.7345714458525427,-0.7042542155658581,0.6236251678457506,0.0,0.85,0.7
0.14918251920134037,0.6228826100050948,0.23291631134553326,0.9724967824672689,0.8607124504295064,-0.927804976060817,0.7243987013843121,-1.2615434333768687,0.85,0.0,0.39
1.0098949696308468,-0.3049223660557222,0.9573150127298453,-0.2890466509095998,1.5856308315081207,-1.8223195548114628,-0.1838881028212649,-0.3448388395610882,1.76,0.0,0.25
2.5955258011389675,-2.127241920867185,0.7734269099085804,-0.633885490470688,-1.493799289758635,2.8737047277430094,0.054445740109903884,1.194801594136265,0.44,0.53,0.0
1.1017265113803325,0.7464628068758247,0.8278726500184843,0.560916103665577,-3.2566629565025145,-1.7245876705921679,-1.7384605326374762,-0.9742316103036186,0.0,0.14,1.7
-2.154936445122182,-0.9781248637163432,-0.9105878826189919,-0.4133155066380416,2.9035818972889587,1.7196474631883478,1.621066446501795,1.1170343498297168,0.18,0.0,0.0
0.7486454521667769,0.7415225994720046,0.7104785638828032,0.7037188431916752,0.6962097912318366,-0.9733366271502488,0.27689404594819855,-0.8621338972601454,0.99,0.0,0.0
1.4448552433986135,-0.23181402767824427,0.9873726098310017,-0.15841505406847026,-1.9234445503299455,-0.18181891371885694,-1.743956417639386,-0.4954816822455794,0.46,0.0,1.23
-0.47858930693133217,-0.4136329413971012,-0.7565838078083843,-0.6538967363140497,1.2355107145815227,1.1786024286208396,1.4599414247247011,1.3647329078232096,0.0,0.29,0.0
0.7569214076501906,0.7649694872237384,0.7033576169163168,0.7108361715091598,1.1811928652932435,-0.8863826456455509,0.29468594190810704,-0.7733586049956996,1.18,0.54,0.0
1.9381142729434342,-0.12141315842181258,0.9980435588244239,-0.06252243348653985,-0.7468183848446361,3.182786155740064,-0.6353958293825619,0.994448731178939,0.0,1.68,0.0
1.191295888098798,3.0613729973182515,0.362647729441862,0.9319262976923991,-1.4530704197718642,0.1605626636255586,-0.4436284826204416,0.06478936768796906,0.0,1.69,0.91
-0.2617745316730662,3.22193566094381,-0.08098075317857957,0.9967156653803682,-0.24332128182105706,-2.746780386760036,-0.6473840432870287,-0.3115261125779243,0.0,0.0,0.98
-0.5050958134941232,0.47515527418377407,-0.7283647964656083,0.6851895528024439,1.24369586008768,1.013748922605552,1.1727593641859084,0.2106416077298785,0.0,0.99,0.0
0.7386000465935566,1.4889041967893262,0.44439456772030017,0.8958311605323224,2.33114103455554,-2.7478641788701506,0.48081859890512635,-1.275278912275498,1.67,0.6,0.0
3.0697410811490964,-1.2589599820808244,0.9252131666254265,-0.37944775174317563,-0.6330088748912996,-0.37555432243684206,-0.0947433340071806,-0.17761585064978497,1.7,0.0,0.68
2.4367322062577967,-1.6345143045176664,0.8304698326182459,-0.5570636023929606,-3.160920347154602,1.8911649999336488,-1.773028475118596,0.8911043266286398,0.0,0.13,1.15
-0.7241881408968054,0.25665069541598234,-0.9425586425003502,0.33404072423567926,2.02952918736788,-0.18046559311610597,1.9408597952674143,-0.2757757400346108,0.81,0.0,0.0
1.3053410464710746,0.07618510229987638,0.9983011527670642,0.05826498420106844,-0.49271278778895,0.06487583392588853,-0.013035063339180697,0.1127634725641315,0.41,0.0,0.03
0.8126282586821246,0.1410609362257649,0.9852660894278835,0.17102845676519993,-3.3466362342832414,1.0411370525175074,-1.8914956919474246,0.2517574317378042,0.0,1.25,1.78
-2.5340079756011167,1.1821979887432723,-0.906229602519541,0.42278588850300414,5.146878578298498,0.41188711368162556,1.7598992170331154,0.09802903952445274,1.34,1.52,0.0
2.612870602697381,1.5940851024248979,0.8536696145135745,0.5208149280274569,-2.267811844731477,1.5948771776239352,-0.7460934506110538,0.4733819181554396,0.0,1.73,0.69
0.3450587579659041,3.188962280048833,0.10757616390252066,0.9941968461828965,0.6707806476903271,-4.158515274350558,0.6158191763281285,-1.6846308993209087,1.03,0.0,0.65
1.0158394056562312,-0.9695529943017249,0.7233953402306492,-0.6904340531380121,1.1531283511008878,-0.41076842615546383,0.12025395374917347,0.1535393998145257,1.5,0.0,0.15
2.168967756757119,-1.3803214204571888,0.8436492939798227,-0.5368946533234864,-3.1290750170199986,0.777141806133438,-1.690411537273933,0.004923128398020227,0.0,0.18,1.28
-0.9601072602628795,-0.6031796143237508,-0.8467622432941103,-0.5319715249254662,3.7185525387875495,1.3327509565466005,1.8135199328905354,0.7876658142754287,1.45,1.25,0.0
2.75844527852467,0.7295713422228497,0.966757689596425,0.2556942893499625,-0.6372541597607699,1.7817396687684872,-0.3214830297093071,0.5082563722163222,0.93,1.58,0.0
2.1211911187639,2.511311010991337,0.645274659887118,0.7639506615662848,-0.920819951382192,-2.1800106292176027,0.31868429002913845,-0.4978996460141013,0.29,0.07,0.0
1.2003711673817081,0.331300381773734,0.9639589499162564,0.26605101555218347,0.012884822239207283,2.762179222226481,-0.5988383654678967,0.6649092192656567,0.0,1.78,0.17
1.2132559896209154,3.093479604000215,0.3651205844483597,0.9309602348178402,-3.2398822771876237,-1.9052128297159916,-1.2277731514357981,-0.42516329070885994,0.0,1.06,1.61
-2.0266262875667085,1.1882667742842234,-0.8626525669874385,0.5057969441089802,1.6595201704032314,-1.3134416323242357,-0.08383789786375573,-0.8285287212022349,0.13,0.0,0.99
-0.36710611716347713,-0.12517485804001235,-0.9464904648511943,-0.3227317770932546,1.577769934096413,0.8027883251742917,1.8191065454939563,0.8111385499820676,0.54,0.85,0.0
1.210663816932936,0.6776134671342793,0.8726160806427621,0.48840677288881296,-0.34792609966633725,-1.874943564202951,-0.28801683694369906,-1.2997289803172078,1.44,0.0,1.19
0.8627377172665988,-1.1973300970686718,0.584599243699063,-0.8113222074283949,0.7651522093098956,1.3072273255434694,0.41312978292373337,0.8786779008353168,1.15,0.77,0.0
1.6278899265764943,0.1098972284747977,0.9977290266227964,0.06735569340692192,-1.2966370887064615,0.4329277856902231,-0.47682132415492895,0.78625731347011,0.01,0.0,0.61
0.3312528378700328,0.5428250141650208,0.5209077024678674,0.8536130068770319,-2.709422996399142,-0.15305524843213764,-1.5077416067779226,-0.69187604355642,0.0,0.79,1.67
-2.378170158529109,0.3897697657328832,-0.9868339043100551,0.1617369633206119,3.7255023628137907,-0.7872113131067799,1.9459741410926725,-0.4446680612660032,1.03,0.0,0.3
1.3473322042846818,-0.3974415473738968,0.9591402367826174,-0.2829310979453913,-0.7299271601610536,-1.045194465987224,-0.5656880525227503,-0.636413983458289,1.14,0.0,0.98
0.6174050441236282,-1.442636013361121,0.3934521842598671,-0.9193450814036803,1.3133670396951382,2.0689146437889274,0.5577587385985845,1.2278864566433274,1.16,1.08,0.0
1.9307720838187663,0.6262786304278067,0.9512109228584517,0.30854137523964703,-3.4500504943999957,1.2410909048919117,-1.5823140167571135,0.46715759012741903,0.0,1.33,1.48
-1.5192784105812296,1.8673695353197184,-0.6311030938986618,0.7756989653670661,1.4413895141342274,0.4095243412496732,0.596914691951601,0.22371644034384564,0.0,1.32,0.64
-0.0778888964470022,2.2768938765693916,-0.034188401947060895,0.9994154057109117,-0.27661807278961226,-1.7914826221982563,-0.5555932140136463,-0.1918526245757377,0.0,0.03,0.92
-0.35450696923661446,0.4854112543711352,-0.5897816159607071,0.807562781135174,-0.9736116384408797,-0.6413234405046268,-0.403398206302614,-0.924155408041843,0.0,0.47,1.37
-1.3281186076774942,-0.15591218613349156,-0.9931798222633211,-0.1165926269066691,0.41069180348190526,0.210791768972324,-0.005035806833291634,0.1763049190017948,0.0,0.55,1.15
-0.917426804195589,0.054879582838832416,-0.9982156290966128,0.05971229209512567,4.380803206822917,0.8845859698670742,1.9633387201235766,0.20208423035419693,1.68,1.55,0.0
3.4633764026273286,0.9394655527059066,0.9651230910269639,0.2617965224493226,-2.814736429418419,0.4644142847559929,-0.5456942313767503,0.645991686161321,0.0,0.89,0.35
0.6486399732089095,1.4038798374618995,0.4194288596502136,0.9077882086106436,0.34496671018203795,-0.7534520487196344,0.4172467845658069,-0.3600895082509411,0.3,0.49,0.0
0.9936066833909475,0.650427788742265,0.8366756442160205,0.5476987003597025,-1.8288005986578124,0.36871206244483534,-1.470527960961952,0.22575539689223878,0.0,0.83,1.1
-0.8351939152668649,1.0191398511871004,-0.6338523167459315,0.7734540972519413,2.4494142141581876,-1.6165496929042416,1.5716861101121604,-1.1205387785911052,1.18,0.0,0.0
1.6142202988913228,-0.5974098417171411,0.9378337933662291,-0.34708468133916404,-0.7787953922101448,-0.7248772922586134,-0.4037054379766355,-0.49831871347824974,1.48,0.0,1.26
0.835424906681178,-1.3222871339757545,0.5341283553895936,-0.8454033948174138,-0.34316934747434813,4.737154062559463,-0.3914523671751895,1.835172843925156,0.0,1.68,0.38
0.49225555920682984,3.4148669285837085,0.14267598821440408,0.9897694491077421,3.075892593943218,-3.9277814960117787,0.8471496613250721,-1.1320550194012688,1.73,1.03,0.0
3.5681481531500476,-0.5129145674280702,0.9898256495394762,-0.14228557029352681,-2.1336715140930465,0.7621606902244158,-0.004587463050258256,0.3134746934393534,0.59,0.31,0.0
1.4344766390570012,0.24924612279634561,0.9852381864892179,0.17118912314582663,-0.9738897836408229,1.2494779307220232,-0.6914780516834587,0.784690044531188,0.0,0.94,0.48
0.4605868554161782,1.4987240535183688,0.2937601348057592,0.9558791676770146,1.9270586541262384,-0.33784055718008,0.6055747662691839,-0.5186186781418608,1.14,1.32,0.0
2.3876455095424167,1.1608834963382888,0.8993349010749431,0.43726048953515384,-1.9033042553100419,0.5347100257562898,-0.6246735618553851,0.5242805385744733,0.0,0.99,0.5
0.48434125423237484,1.6955935220945786,0.274661339219558,0.9615410281096272,0.7859298401803718,-1.9250872162441328,0.7094076616723202,-1.1393279834344228,0.81,0.01,0.0
1.2702710944127467,-0.2294936941495543,0.9840690008918781,-0.17778695532479555,-1.220728789170333,1.935925538994659,-0.955048539833871,1.1773657730475307,0.0,1.13,0.71
0.049542305242413695,1.7064318448451048,0.02902046105800717,0.999578817722735,0.43613880674373257,-0.9070381402393807,0.4902192818819969,-0.14495019115351082,0.0,0.54,0.4
0.4856811119861463,0.7993937046057241,0.5192397429400041,0.8546286265692242,0.3234576943164623,-1.754426537721852,0.12718381426700454,-1.617607384260313,1.22,0.0,1.01
0.8091388063026086,-0.955032833116128,0.6464235572070086,-0.7629787576910888,-0.0797913907908715,1.8704361432777783,-0.02327973756046786,1.5450860265719755,0.0,0.0,0.15
0.7293474155117371,0.9154033101616504,0.6231438196465408,0.7821072688808867,1.8888986763075741,-2.146466721759152,0.2818149734676517,-1.2076064848205923,1.56,0.0,0.0
2.6182460918193113,-1.2310634115975017,0.9049587931141925,-0.4254992159397056,-2.119823222635316,2.0140173246807,-0.36794567742769546,1.2690731093128238,0.0,0.0,0.5
0.49842286918399525,0.7829539130831985,0.537013115686497,0.8435738933731182,1.9089347438412982,-2.5940733663387507,0.26209353713509254,-1.4447631792193278,1.74,0.0,0.68
2.4073576130252934,-1.8111194532555523,0.7991066528215895,-0.6011892858462096,-3.499859634793692,0.3184279419056253,-1.3897182995726476,-0.20576665020110863,1.04,0.0,1.68
-1.0925020217683987,-1.492691511349927,-0.590611646751058,-0.8069559360473182,1.6376330319333783,1.8922268745398831,1.397177046120861,1.3981008053809107,0.0,0.0,0.4
0.5451310101649796,0.3995353631899561,0.8065653993698029,0.5911448693335927,2.445735069217879,-2.0738432110452285,0.06601239084725574,-1.0796200478431204,1.77,0.03,0.0
2.9908660793828585,-1.6743078478552726,0.8725777902170586,-0.48847517850952765,-4.374957895162624,0.427090858625081,-1.6154623044731662,-0.18094441970856107,0.4,0.0,1.56
-1.3840918157797657,-1.2472169892301916,-0.7428845142561075,-0.6694195982180887,2.423717442663389,3.5894927662526133,1.1485713482783082,1.5834317385647272,0.22,1.55,0.0
1.0396256268836233,2.3422757770224214,0.4056868340222008,0.9140121403466386,-0.7958863374252191,-1.7753985538167627,-0.010683588073182204,0.0046675838716219165,0.0,0.0,0.6
0.24373928945840417,0.5668772232056587,0.3950032459490186,0.9186797242182605,-1.0000067844187446,-0.6671853514884803,-1.3863215030938645,-1.0501639934344102,0.0,0.0,1.16
-0.7562674949603403,-0.10030812828282169,-0.991318257144846,-0.1314842692161498,1.5812601373956052,1.167185516094006,1.6030384273625629,0.9225584966744886,0.16,0.78,0.0
0.8249926424352649,1.0668773878111841,0.6117201702177169,0.7910742274583388,2.0889107512001592,-1.163444466392634,0.38773114824930055,-0.8241961539503238,1.51,0.93,0.0
2.913903393635424,-0.09656707858144992,0.9994513184670174,-0.03312192649198502,-0.4464531855287097,1.7464073159247637,-0.16815958880048432,0.588958287472466,1.18,1.46,0.0
2.4674502081067144,1.6498402373433139,0.8312917296665331,0.5558363609804811,-3.5022929467072856,0.29333218814909223,-1.3013438056418751,0.32680232266717746,0.0,1.24,1.26
-1.034842738600571,1.943172425492406,-0.47005207597534193,0.8826386836476585,3.9257954435103573,-2.572585085332489,1.4471621134009982,-1.0953732007388737,1.63,0.55,0.0
2.890952704909786,-0.629412659840083,0.9771100374256563,-0.2127345170912151,-0.9165659183191073,1.8746856001035548,-0.1312909080974628,0.7462042917387546,0.91,1.24,0.0
1.9743867865906788,1.2452729402634717,0.8458191293281935,0.5334697746475395,-2.5752643967940427,0.9891464658969127,-1.105511777819296,0.4322215468003011,0.0,1.27,1.0
-0.6008776102033639,2.2344194061603844,-0.25969264849110263,0.9656913214478406,3.525362931337664,-3.499980610408043,1.1774445979646253,-1.3628453963829326,1.74,0.09,0.0
2.9244853211343003,-1.265561204247659,0.9177519494735228,-0.39715407493509186,-2.09385985305821,2.1271385628938044,-0.22369486943105465,1.117074049406507,0.0,0.47,0.0
0.8306254680760901,0.8615773586461454,0.6940570800424681,0.7199199744714151,-0.5243743268744313,0.7619582875592225,-0.5086938381631292,0.26275009659006876,0.0,1.1,0.65
0.30625114120165875,1.6235356462053678,0.185363241879339,0.9826700710614839,1.8392995635093947,-2.21452399532539,0.7787315613843573,-1.2482283703479773,1.31,0.23,0.0
2.1455507047110536,-0.5909883491200223,0.9640948032636962,-0.2655582992864933,-3.398916198945349,0.43329188920321315,-1.9562724178050623,0.14072408441330972,0.0,0.36,1.38
-1.2533654942342953,-0.1576964599168091,-0.9921776145413662,-0.12483421487318361,-0.5491003558211964,-0.10265254913447766,0.0024487007010267625,-0.018122691600137963,0.0,0.57,1.49
-1.8024658500554918,-0.2603490090512868,-0.9897289138403395,-0.14295690647332157,2.2296359774665095,-1.8068040691913747,1.192099767403195,-0.8363520527567272,1.67,0.0,1.4
0.42717012741101795,-2.0671530782426615,0.20237085356285545,-0.9793089592300488,0.7286038848064025,3.139565149805323,0.5306776954955447,1.6594852780793412,0.38,1.15,0.0
1.1557740122174205,1.0724120715626615,0.7330485490584001,0.6801763188492924,-3.47836728194524,-1.7790543995649268,-1.6897492604769693,-0.9712497610785749,0.0,0.11,1.65
-2.3225932697278195,-0.7066423280022652,-0.9567007114185693,-0.29107344222928244,5.216571853359807,0.18808826309462778,1.9410238030114966,0.11469869529270549,1.63,0.86,0.0
2.8939785836319873,-0.5185540649076374,0.9843230915929273,-0.17637474693657695,-4.831621416427177,2.473867947100222,-1.6882128965297793,0.8866839349004949,0.0,1.47,1.59
-1.9376428327951902,1.9553138821925846,-0.7038898049368519,0.710309187963918,3.9642806844108804,-1.8135587783138853,1.7014525267144267,-0.6405337186375346,1.23,0.92,0.0
2.0266378516156904,0.14175510387869916,0.9975627217775748,0.06977546932638332,-0.12934111589465824,-2.421186474494736,-0.35782206877415534,-0.8383663207517424,1.8,0.0,1.12
1.8972967357210322,-2.2794313706160367,0.6397406530034194,-0.7685908514253591,-4.16465394282519,4.491513070945759,-1.3555185162638757,1.466918890720858,0.0,1.64,1.64
-2.267357207104158,2.212081700329722,-0.7157778632604561,0.6983280392954988,4.2092462096951255,0.04483025367486837,1.3679995135020804,0.05970027083288443,1.22,1.76,0.0
1.9418890025909676,2.2569119540045905,0.6522216502416243,0.7580283101283832,-2.654983512755876,-1.2632127288978738,-1.2352500704312683,0.054423449209466845,0.0,0.66,1.03
-0.7130945101649083,0.9936992251067166,-0.5830284201896441,0.8124517593378501,-0.4379611519130798,-1.2704066069468778,-0.38927178364043036,-1.0461873228107539,0.0,0.0,1.22
-1.1510556620779882,-0.2767073818401612,-0.9723002038300744,-0.23373556347290372,1.051000909471852,3.0329236528187113,0.9360226109697461,1.2330773149554786,0.0,1.45,0.69
-0.10005475260613612,2.75621627097855,-0.03627759286032824,0.9993417514825748,-0.2510410901022413,-2.3237541267486552,-0.5940125856807247,-0.22298211134490786,0.0,0.0,0.91
-0.3510958427083774,0.4324621442298946,-0.630290178541053,0.7763596401376669,0.7244322427741979,0.31327703061197487,1.0779515156850685,0.11784353992066421,0.0,0.12,0.46
0.37333640006582053,0.7457391748418695,0.44766133714401546,0.8942031800583311,2.821734900190743,0.044332001082696304,0.5230996954860238,-0.65415523166664,1.55,1.27,0.0
3.1950713002565636,0.7900711759245658,0.9707610326300392,0.24004794839169108,-2.8807687224523084,-1.691447316258766,-0.6415111836999977,-1.184290786320338,1.16,0.0,1.21
0.3143025778042552,-0.9013761403342001,0.3292498489300415,-0.9442428379286468,0.20600341256856436,0.3041230910803835,0.32761549485937447,0.19023493337564257,0.92,0.0,0.81
0.5203059903728195,-0.5972530492538166,0.656865343789416,-0.7540079045530043,0.9821413867442779,0.04224067681803789,0.2811778515133001,0.40748955908444107,1.03,0.0,0.0
1.5024473771170974,-0.5550123724357787,0.9380431953027161,-0.3465183454685632,-0.9548543268474015,-0.8615482530749548,-0.5774803307678306,-0.5862165690266528,1.14,0.0,1.03
0.547593050269696,-1.4165606255107335,0.3605628645348855,-0.932734914495216,0.55993191561364,2.610945427745518,0.31937818877895796,1.6660016899722323,0.57,0.82,0.0
1.107524965883336,1.194384802234785,0.6799410533138435,0.7332667754770164,-1.599408920521379,-1.1965669255374145,-1.6799312132740152,-0.7377029881444026,0.2,0.0,1.04
-0.49188395463804313,-0.002182123302629582,-0.9999901599601717,-0.004436212667386258,-2.0873681432967723,0.1759485765085,0.002251880627500147,0.07165470680612702,0.0,0.67,1.68
-2.5792520979348157,0.17376645320587042,-0.9977382793326716,0.06721849413874077,3.169939574260008,1.7987129636159553,1.2846154574613422,0.8907488772622537,0.0,1.1,0.0
0.590687476325192,1.9724794168218258,0.28687717812867064,0.9579673714009945,-0.3380166737202093,-1.2203953161461103,0.03159133230107358,-0.010033930770978583,0.0,0.35,0.62
0.2526708026049827,0.7520841006757155,0.3184685104297442,0.9479334406300159,2.7004665274961805,-1.2266402424422655,0.6688647527979154,-1.1065935406054699,1.64,0.9,0.0
2.953137330101163,-0.47455614176655014,0.9873332632276596,-0.15866009997545397,-2.930015272806148,0.83215812985498,-0.9228093639139255,1.1565762619937625,0.0,0.0,0.75
0.023122057295015208,0.35760198808842997,0.06452389931373403,0.9979161620183086,0.8215831586617766,-0.38551728287690823,0.9349304828764194,-1.0309455114048545,0.41,0.0,0.29
0.8447052159567918,-0.027915294788478248,0.9994543821901535,-0.03302934938654585,0.23195809180028326,2.7991329052630647,-0.637309786832289,0.9651512792074726,0.0,1.54,0.0
1.076663307757075,2.7712176104745865,0.3621445953578645,0.9321219298209267,0.12993204646309686,0.8452785644598242,-0.04565796257247695,0.01647504006046996,0.0,1.7,0.0
1.206595354220172,3.6164961749344107,0.3164866327853875,0.9485969698813966,-3.9052350036881083,-3.9683008627364087,-1.3080960798034567,-1.0778668603606545,0.0,0.26,1.78
-2.6986396494679363,-0.3518046878019979,-0.9916094470180691,-0.12926989047925794,3.5542075103559365,0.730571544236922,1.9060092746025883,0.534082137469639,0.34,0.0,0.0
0.8555678608880001,0.37876685643492414,0.9143998275845193,0.40481224699038104,-1.544125782960772,1.3694342504530752,-1.2808656663749387,0.5256192598921161,0.0,1.05,1.03
-0.6885579220727719,1.7482011068879992,-0.36646583879041933,0.9304315068824972,-0.23228264409532007,-0.4842467725743804,-0.22237528326802475,-0.12218270052831981,0.0,1.13,1.2
-0.920840566168092,1.2639543343136188,-0.5888411220584441,0.8082488063541774,-0.40790787414153196,0.8256002259620574,0.0522439258881614,0.03558971437250236,0.0,1.45,1.36
-1.328748440309624,2.089554560275676,-0.5365971961702827,0.8438385207266798,0.6256578759773949,-2.880556897007037,-0.12775470074471718,-1.591258454275044,0.79,0.0,1.28
-0.703090564332229,-0.7910023367313606,-0.6643518969149999,-0.7474199335483643,0.36708391105707083,2.034652257921282,0.40352602657013886,1.7128057970034107,0.0,0.82,0.88
-0.3360066532751582,1.2436499211899215,-0.260825870344861,0.9653858634550465,1.1360816771315163,-0.4383837280678573,0.965642405273369,-0.25599622997329685,0.0,0.36,0.0
0.8000750238563581,0.8052661931220642,0.704816534928508,0.7093896334817497,1.4957571834724648,-1.118588669592161,0.2859989261779986,-0.8446106452820636,1.4,0.5,0.0
2.295832207328823,-0.31332247647009687,0.9908154611065066,-0.13522101180031396,-3.305894718981123,0.15957827543460745,-1.9794286151832527,-0.01525832760024226,0.0,0.43,1.25
-1.0100625116523,-0.15374420103548941,-0.9886131540767461,-0.15047933940055622,1.060625118272,0.6701813283120177,1.086053855612561,1.1457206717839175,0.0,0.0,0.66
0.050562606619699794,0.5164371272765284,0.09744070153581486,0.9952413323833613,0.16404167800202624,0.30205811251119263,0.15618021926627368,-0.0279376424640575,0.0,0.35,0.61
0.21460428462172604,0.818495239787721,0.25362092080208853,0.9673036899193038,2.172278391465014,-2.3195026304311037,0.5929067695078759,-1.4996483804521172,1.48,0.0,0.0
2.3868826760867403,-1.5010073906433825,0.8465276903099644,-0.5323446905328134,1.0483398762062923,2.5655195498021977,0.10866162375209754,0.8283402551983124,1.55,1.63,0.0
3.4352225522930326,1.064512159158815,0.955189314062062,0.29599556466549903,-1.434573208197325,-2.0226546237449647,-0.05328511262142188,-0.7279316842754724,1.47,0.0,0.48
2.0006493440957076,-0.9581424645861498,0.9019042014406401,-0.43193611960997336,-1.029113097595836,1.5278495428379992,-0.03927822616469767,0.9377784139856308,0.48,0.0,0.14
0.9715362464998715,0.5697070782518495,0.8626259752759424,0.5058422943756574,1.2691724574092622,-2.451699988736296,-0.09688704646190083,-1.1489938262083386,1.67,0.0,0.57
2.240708703909134,-1.8819929104844464,0.7657389288140416,-0.643151531832681,-2.51115793832009,2.4463474285822984,-1.1978972651517186,1.5449492765259416,0.0,0.76,0.99
-0.2704492344109561,0.5643545180978521,-0.4321583363376769,0.9017977446932607,0.7132714129323975,1.5118347592232264,0.6407525634663425,0.07620452954161794,0.0,1.44,0.38
0.4428221785214414,2.0761892773210784,0.20859422712866554,0.9780022742348786,1.6044605578382567,-3.2222859857323356,0.6639811203202706,-1.4664818163084115,1.39,0.0,0.34
2.047282736359698,-1.1460967084112572,0.8725753474489361,-0.48847954207353295,1.4130408093145026,2.502758253255261,0.05842784985289784,0.8534905646656767,1.65,1.76,0.0
3.4603235456742008,1.3566615448440036,0.9310031973018339,0.36501102259214374,-2.3488127122820353,0.8672741385508496,-0.4839366603906015,0.5294896825915905,0.0,1.4,0.0
1.1115108333921655,2.223935683394853,0.4470665369112324,0.8945007051837341,-0.5480057519715175,-1.2849256639487305,0.06749573544199955,-0.03704769313544798,0.0,0.6,0.27
0.563505081420648,0.9390100194461227,0.5145622723532319,0.8574530120482862,0.33945124655120695,-0.5748862497749677,0.4128690551476403,-0.4834595190969115,0.0,0.02,0.0
0.902956327971855,0.364123769671155,0.9274313275008722,0.3739934929513747,1.1223671175128214,-0.3063415846462659,0.07216194445093316,-0.34547524145020203,1.09,0.77,0.0
2.0253234454846765,0.05778218502488912,0.9995932719518054,0.028518251501172643,-2.5660766177058902,-0.48981377630355344,-1.7808643066399954,-0.652710185410323,0.46,0.0,1.2
-0.5407531722212137,-0.4320315912786643,-0.7812710346881899,-0.6241919339091504,1.9107417090509538,1.5120910083794739,1.5665747168440252,1.2433026887765544,0.65,1.02,0.0
1.36998853682974,1.0800594171008095,0.7853036821558352,0.6191107548674041,-0.2852345510098573,0.5683434136037195,-0.23558870551490418,0.21624153276737612,0.0,0.89,0.0
1.0847539858198827,1.648402830704529,0.549714976640931,0.8353522876347802,1.5534712800490644,-1.1980810761610488,0.43602807737824045,-0.6670946534752669,1.34,0.92,0.0
2.638225265868947,0.45032175454348033,0.9857430540191715,0.16825763415951334,-1.4263678980070593,2.929314076560393,-0.648210233153065,0.7730561258791726,0.0,1.66,0.01
1.2118573678618878,3.3796358311038732,0.3375328208661065,0.9413137600386859,2.3133163275681174,-1.969771671881652,0.5909625167620998,-0.5699697039361501,1.61,1.47,0.0
3.5251736954300052,1.4098641592222212,0.9284953376282062,0.37134405610253585,-1.7893253946576049,-0.9244844197548407,0.034563377800016615,-0.10205255858035028,0.75,0.63,0.0
1.7358483007724004,0.48537973946738044,0.9630587154282229,0.26929149752218556,1.4230601399920035,-0.42744755021327974,0.03677316190259505,-0.25095527454327726,1.6,1.04,0.0
3.158908440764404,0.057932189254100694,0.9998318773308179,0.018336222978908325,-5.311420860667491,-0.24413008159836813,-1.9961113950348173,-0.10451697839150668,0.0,0.46,1.62
-2.152512419903087,-0.18619789234426742,-0.9962795177039995,-0.08618075541259836,2.7384254496140663,1.3344667309517013,1.4507877626885863,0.9769232856877789,0.0,0.62,0.14
0.5859130297109792,1.1482688386074338,0.4545082449845869,0.8907425302751805,0.21288507449115857,-0.10736060259082514,0.1542920979798142,-0.09741905122868988,0.12,0.74,0.0
0.7987981042021378,1.0409082360166086,0.6088003429644011,0.7933234790464906,0.26028005050439285,0.3905967135653783,-0.014042800123506227,0.010581655427634451,0.24,1.01,0.0
1.0590781547065307,1.431504949581987,0.5947575428408949,0.803905134474125,-0.06565423710311247,-1.177233546800054,0.37401244275029377,-0.5559440185352582,0.22,0.0,0.0
0.9934239176034182,0.25427140278193283,0.9687699855911887,0.24796111593886677,1.1854813079833226,-0.9918321041001179,-0.02156524902549406,-0.5685904767708296,1.2,0.26,0.0
2.1789052255867407,-0.7375607013181851,0.9472047365656946,-0.32062936083196286,-1.4236541568019776,4.08210060845583,-0.7269348796123851,1.296068333868087,0.0,1.59,0.33
0.755251068784763,3.344539907137645,0.22026985695330953,0.9754389730361241,0.05381050381292296,-3.0351824794001905,0.7137779896095964,-0.6182910760365781,0.22,0.0,0.0
0.809061572597686,0.30935742773745445,0.9340478465629058,0.357147896999546,-0.3513513665600665,0.6989223764360202,-0.5206931232614069,0.5534221841717724,0.0,0.69,0.63
0.45771020603761947,1.0082798041734746,0.4133547233014989,0.9105700811713183,2.418095391750612,-2.5695606513846476,0.4654821480755287,-1.3876924486078468,1.66,0.01,0.0
2.8758055977882315,-1.561280847211173,0.8788368713770276,-0.4771223674365286,-4.3158759348145255,1.0733117684857845,-1.8259408088365194,0.15619537940229228,0.09,0.0,1.46
-1.440070337026294,-0.4879690787253886,-0.9471039374594918,-0.3209269880342363,2.537308233234727,0.758995336549904,1.9179261021902425,0.5607275811684058,0.77,0.05,0.0
1.0972378962084333,0.2710262578245154,0.9708221647307506,0.23980059313416946,0.17418838182650642,1.3360430422471814,-0.3503703151370837,0.5444439492987364,0.45,1.13,0.0
1.2714262780349397,1.6070693000716967,0.6204518495936668,0.7842445424329059,-0.12023571311125325,2.2474215808336213,-0.3342802275672829,0.1739338348783276,0.0,1.78,0.0
1.1511905649236864,3.854490880905318,0.28617162202638396,0.9581783773112335,-0.38519806712356464,-1.759311968851327,0.057197845511032075,-0.018977968046484772,0.0,1.13,0.0
0.7659924978001218,2.095178912053991,0.34336946753741604,0.9392004092647487,-0.6157846705236407,-1.7973637392428174,0.10695995134705899,-0.04633792573933426,0.17,0.0,0.54
0.15020782727648105,0.2978151728111737,0.45032941888447503,0.8928624835254144,0.3214425968773724,-1.1895609882219789,0.017209609000500392,-1.7768349137540795,1.05,0.0,1.02
0.4716504241538535,-0.8917458154108052,0.4675390278849754,-0.8839724302286651,-1.4188032344553598,2.215614896716202,-1.0494002594739271,1.6972605139811496,0.0,1.07,1.11
-0.9471528103015063,1.323869081305397,-0.5818612315889518,0.8132880837524845,2.448320349561981,-2.4798432280056675,1.374171410443779,-1.4234065808356589,1.51,0.0,0.71
1.5011675392604746,-1.1559741467002707,0.7923101788548274,-0.6101184970831743,-0.7005040571733323,1.8765680036355317,-0.049014519938775813,1.2790815479585964,0.03,0.0,0.16
0.8006634820871423,0.7205938569352609,0.7432956589160515,0.6689630508754222,1.4200841083069236,-1.8191497349629944,0.15303134748910252,-1.112356665611556,1.46,0.0,0.26
2.220747590394066,-1.0985558780277334,0.8963270064051541,-0.44339361473613376,0.0321902062634547,0.0427780539735334,0.009176219192117419,0.019054235897760008,1.34,0.0,0.0
2.2529377966575206,-1.0557778240542,0.9055032255972715,-0.42433937883837375,-0.8643610790900103,2.3375715629871134,-0.17070785544310219,1.102628228813071,0.51,1.11,0.0
1.3885767175675103,1.2817937389329135,0.7347953701541693,0.6782888499746973,-0.4018462269811235,0.1720940359918699,-0.17323012868428256,0.1491436122679125,0.0,1.11,0.09
0.9867304905863868,1.4538877749247834,0.5615652414698867,0.8274324622426098,0.7799477256516895,-1.462771670983879,0.43842211542358367,-0.8324609862020936,1.0,0.68,0.0
1.7666782162380763,-0.008883896059095633,0.9999873568934704,-0.005028523959483852,-0.9222609176231217,0.9563438575870853,-0.3346422496888529,0.7515644496314344,0.0,0.23,0.0
0.8444172986149546,0.9474599615279896,0.6653451072046175,0.7465359256719506,1.3978001225215944,-1.1403437467046142,0.33097526595332505,-0.8322430667420975,1.25,0.78,0.0
2.242217421136549,-0.1928837851766247,0.9963203731579425,-0.08570714107014689,-1.0234687650381542,2.11591784400933,-0.46100903651250924,0.9303619657523241,0.0,1.24,0.0
1.2187486560983947,1.9230340588327055,0.5353113366454333,0.8446548246821772,0.7958198293507437,-2.9233688101909268,0.3603483124134794,-1.28939496571699,1.27,0.13,0.0
2.0145684854491384,-1.0003347513582213,0.8956596490589127,-0.4447401410348129,-3.2353193374188973,0.6746534382276219,-1.8618654678153095,0.1869683120827702,0.31,0.0,1.44
-1.220750851969759,-0.32568131313059934,-0.9662058187563967,-0.2577718289520427,-0.21139852216385302,1.7050485755260893,0.24595105637899606,0.9514814780651815,0.0,1.11,1.25
-1.432149374133612,1.37936726239549,-0.7202547623774006,0.6937096491131388,2.170134305744017,-0.6770817173809299,1.4446658101256893,-0.004341362998795839,0.0,0.47,0.01
0.7379849316104048,0.7022855450145601,0.7244110477482886,0.689368286114343,0.34609730826060625,-0.061124856680608186,0.13631837217422338,-0.1803055535559125,0.37,0.68,0.0
1.084082239871011,0.6411606883339519,0.860729419922512,0.5090627325584305,1.117938112859262,0.19074965957797463,0.07473761870304829,-0.15564878313774833,1.25,0.98,0.0
2.202020352730273,0.8319103479119265,0.9354670386255602,0.35341394942068216,-3.1123563268007817,-1.0608431814076473,-1.905270489597027,-0.5973017647863419,0.0,0.28,1.26
-0.9103359740705085,-0.2289328334957207,-0.9698034509714667,-0.24388781536565968,1.3809684527176276,3.8007968854098815,1.1004354094657929,1.2353187466059234,0.0,1.75,0.27
0.470632478647119,3.5718640519141607,0.13063195849432618,0.9914309312402638,3.0268854132750227,-1.834207646259152,0.7649294911227714,-0.5464930816930235,1.71,1.68,0.0
3.4975178919221417,1.7376564056550088,0.8955614496170976,0.44493784954724036,-2.093342439093742,-1.8374289710950642,0.10192371908834241,-0.5158133616277885,0.79,0.0,0.0
1.4041754528283996,-0.0997725654400555,0.99748516870544,-0.07087551208054808,-0.8299318474640116,-0.18046095682788135,-0.09878746191999854,-0.36769310492092927,0.44,0.0,0.69
0.574243605364388,-0.28023352226793685,0.8986977067854415,-0.43856861700147737,-2.354390555820148,3.079662064541636,-1.435292629652014,1.2824085833184427,0.0,1.6,1.44
-1.78014695045576,2.799428542273699,-0.5365949228665726,0.8438399663169652,-0.18195951804190647,-1.5584181542080577,-0.30854662569984226,-0.3092973928143842,0.0,1.11,1.53
-1.9621064684976666,1.2410103880656413,-0.8451415485664149,0.534542573502581,3.757794940537705,-0.26729616376713305,1.7242182301896212,-0.0578621901991227,1.11,0.98,0.0
1.7956884720400386,0.9737142242985083,0.8790766816232063,0.47668038330345835,-1.1013529581872121,-0.6517953595362187,0.028157332891732056,-0.05605413244991414,0.46,0.0,0.43
0.6943355138528263,0.32191886476228954,0.9072340145149383,0.4206262508535442,0.1848393287091179,1.5912549527210686,-0.48967539873961274,0.48802373808157595,0.0,1.18,0.0
0.8791748425619442,1.9131738174833581,0.4175586157753256,0.9086499889351202,-0.4281446886907267,-3.442090325120641,-0.1346135931187048,-1.8677861180397661,1.43,0.0,1.41
0.45103015387121753,-1.5289165076372826,0.2829450226566208,-0.9591361291046461,-0.7320639427332922,1.2149752101051743,-0.9499230030287308,0.21405870111562075,0.35,0.0,1.02
-0.28103378886207464,-0.31394129753210837,-0.66697798037211,-0.7450774279890253,2.0210289148711054,-0.47109342216718836,1.578499735779145,0.33382557155591774,1.16,0.0,0.0
1.7399951260090305,-0.7850347196992967,0.9115217554070351,-0.4112518564331076,-3.199488534046708,4.010371934227873,-1.3237862977512764,1.3223160403003549,0.0,1.8,1.46
-1.4594934080376774,3.225337214528576,-0.41226454234424137,0.9110641838672472,2.3640744477520697,-2.754012597253812,1.299102837724321,-0.44898427968686133,0.29,0.0,0.0
0.9045810397143923,0.47132461727476405,0.8868382953800796,0.46207990418038586,-0.06833867175457564,0.9181015991892434,-0.3711701917464387,0.394708521800547,0.0,0.76,0.13
0.8362423679598167,1.3894262164640074,0.5156681036336409,0.8567884259809329,-0.1786680847020471,-0.11508118711776771,-0.057108987229420816,0.03187547942008029,0.0,0.87,0.33
0.6575742832577696,1.2743450293462397,0.4585591164042201,0.8886639054010131,0.13553472577258963,0.7625597435993685,-0.09572369652779122,0.043189333088340165,0.0,1.25,0.08
0.7931090090303592,2.0369047729456082,0.36283541987642887,0.9318532384893533,0.20188733145749793,-1.9181659880209614,0.6301192129084621,-0.8133581025933075,0.26,0.0,0.0
0.9949963404878571,0.11873878492464687,0.9929546327848909,0.1184951358960458,-1.2911932302483369,-0.44545569419050424,-1.6646106167989192,-0.8593583075668662,0.0,0.0,0.96
-0.2961968897604798,-0.3267169092658574,-0.6716559840140283,-0.7408631716708204,1.8195105139982797,-1.1132934451789644,1.3983534663253576,0.05390555347128756,1.39,0.0,0.82
1.5233136242377998,-1.440010354444822,0.7266974823113294,-0.6869576181995328,0.8907893403530547,0.9731886988205632,0.2551145306128706,0.49710195913789057,1.43,0.73,0.0
2.4141029645908545,-0.4668216556242587,0.9818120129242,-0.18985565906164226,-1.4518879704925975,1.6732823054624593,-0.3582846883696412,0.9716572167051623,0.0,0.85,0.0
0.9622149940982568,1.2064606498382007,0.6235273245545587,0.78180155764352,2.937149753939421,-0.18515946001088013,0.3438425278129752,-0.5284331130210382,1.74,1.66,0.0
3.899364748037678,1.0213011898273205,0.9673698523675339,0.2533684446224817,-3.035575056955358,-0.6505932496602054,-0.04842229253789454,0.1410112991311135,0.02,0.0,0.0
0.86378969108232,0.3707079401671152,0.9189475598296394,0.3943797437535952,-0.002582304593196305,-0.1540915599667012,0.05084563940482634,-0.1504511666688677,0.07,0.0,0.0
0.8612073864891236,0.21661638020041402,0.9697931992344657,0.24392857708472748,-0.35928242103440244,0.9060406920633317,-0.5616415026582506,0.668985544058087,0.0,0.66,0.44
0.5019249654547212,1.1226570722637457,0.40815169657621514,0.9129141211428144,0.8472445287968974,1.4457036424758398,0.056892987009298956,-0.02762691222762348,0.51,1.52,0.0
1.3491694942516186,2.5683607147395855,0.4650446835855141,0.885287208915191,-0.49529058331143727,0.15078412824525023,-0.16544464817940913,0.06877768341900481,0.0,1.4,0.21
0.8538789109401813,2.7191448429848357,0.29960003540610497,0.9540648923341958,0.048825043219731024,-2.2933869212175484,0.6048492739778961,-0.5274837784123493,0.0,0.38,0.0
0.9027039541599123,0.42575792176728755,0.9044493093840011,0.4265811139218465,0.2048935091606955,-2.1377124524739495,-0.36124567639564575,-1.2661820983830678,1.58,0.0,1.15
1.1075974633206078,-1.7119545307066621,0.5432036329883554,-0.8396009844612213,-2.510178599985379,1.7546470400758647,-1.5427407025598903,0.8700254245110998,0.0,0.1,1.39
-1.4025811366647711,0.042692509369202526,-0.9995370695715349,0.030424440049878442,0.9109862435747056,2.691434160109362,0.8225751178535738,0.9537932531685325,0.0,1.44,0.81
-0.4915948930900655,2.7341266694785644,-0.17696195171796109,0.9842176932184109,1.2883900369193517,-1.6819767770440497,0.7806809356514692,-0.1870204852213605,0.31,0.58,0.0
0.7967951438292863,1.0521498924345147,0.6037189839335082,0.7971972079970504,0.17309141099440706,2.6225191353793593,-0.34851989627101915,0.16969132004340226,0.0,1.7,0.0
0.9698865548236933,3.674669027813874,0.25519908766248905,0.9668885280404527,-1.074132458573496,-4.809976607427156,-0.3466361612324039,-1.9626993843665774,1.21,0.0,1.45
-0.1042459037498025,-1.1353075796132823,-0.09143707356991487,-0.9958108563261248,0.1658736042515616,1.6133301142867496,0.21930101006050792,1.9876025752596564,0.0,0.0,0.63
0.0616277005017591,0.4780225346734673,0.12786393649059305,0.9917917189335317,0.33538786960753864,1.1160700829888452,0.11380787609787524,-0.02143367418911657,0.0,1.01,0.4
0.3970155701092977,1.5940926176623125,0.2416718125884683,0.9703580447444151,-0.6068052803682598,-2.8664733037506984,-0.40435501611245683,-1.9570363992709408,1.19,0.0,1.4
-0.20978971025896204,-1.2723806860883862,-0.16268320352398857,-0.9866783545265257,1.5012316932467646,0.18412983343041422,0.9273840814377817,0.34229293622636436,1.36,0.0,0.69
1.2914419829878026,-1.088250852657972,0.7647008779137932,-0.6443854183001614,2.2073656245421063,0.002745962882457098,0.19038890674916986,0.34806885914010544,1.75,0.81,0.0
3.498807607529909,-1.0855048897755148,0.955089784662963,-0.29631655916005595,-1.3982954492257451,1.000563047673219,0.04409357522449231,0.25591094910382906,1.21,0.73,0.0
2.1005121583041637,-0.08494184210229576,0.9991833598874553,-0.0404056100562269,-1.6612661270811357,-1.9706714844298545,-0.7902194715301518,-0.9375177475555015,1.48,0.0,1.5
0.43924603122302797,-2.0556133265321503,0.20896388835730348,-0.9779233576117284,0.4248032930642587,1.1580980386133541,0.48458422889875874,0.2575130515703925,1.21,0.0,1.01
0.8640493242872866,-0.8975152879187961,0.6935481172560622,-0.7204103060413359,-0.2951975821964914,-1.0958078580688286,-0.41912545079609437,-0.24119886619705388,1.4,0.0,1.3
0.5688517420907953,-1.9933231459876248,0.2744226664599679,-0.9616091722383898,-0.8880284637397193,2.629922112200834,-0.7226214690556412,1.855543081065997,0.0,0.59,0.85
-0.31917672164892413,0.6365989662132093,-0.4481988025956733,0.8939339088276071,0.885173628867679,-0.4683528720950111,1.4067459167777199,-0.6089998289191649,0.0,0.0,0.4
0.565996907218755,0.16824609411819824,0.9585471141820465,0.2849340799084423,-0.8204378765420052,2.816998238878517,-1.0434720767016863,0.7114532698411609,0.0,1.61,0.83
-0.2544409693232502,2.985244332996715,-0.08492496251963985,0.9963873497496031,1.5729625765163457,-3.050659842169743,1.0836965163817558,-1.045939173084917,0.8,0.07,0.0
1.3185216071930956,-0.06541550917302782,0.998771553862116,-0.049551823335313966,1.6210378495271789,-1.4500788749193283,-0.10994178949752054,-0.40868572420916394,1.63,0.08,0.0
2.9395594567202745,-1.515494384092356,0.8888297643645955,-0.45823754754447793,-2.068359584983872,2.103933592134581,-0.06014842918237362,1.0179582321011682,0.0,0.14,0.0
0.8711998717364026,0.5884392080422248,0.8286813351822219,0.5597206845566903,0.46552675758112694,-1.0758429504240117,0.11081346987085205,-0.9022838338858128,0.9,0.0,0.34
1.3367266293175295,-0.48740374238178685,0.9394948050530739,-0.3425631493291225,-0.500139692723961,1.940721154658556,-0.4406072046912519,1.209229845473161,0.0,0.87,0.03
0.8365869365935685,1.4533174122767691,0.498887600361822,0.8666666961440384,-0.007727641994629497,0.0028387547667136914,-0.004202557791209538,0.002405630338005005,0.0,0.92,0.0
0.828859294598939,1.4561561670434828,0.49468504257061247,0.8690723264820434,1.2220328884392502,1.3021082275882592,0.10199431804614928,-0.06659258180684446,0.86,1.61,0.0
2.050892183038189,2.758264394631742,0.5966793606167617,0.8024797446751989,-1.0821510749424275,-1.3141381039263202,-0.03959662120149687,0.027977250867366243,0.01,0.9,0.0
0.9687411080957616,1.4441262907054218,0.5570827394152649,0.8304569955425651,-0.04198244935214035,-1.5946169519599775,0.429988136188023,-0.9907413882193274,0.53,0.0,0.19
0.9267586587436213,-0.15049066125455574,0.9870708756032879,-0.16028439267676228,-2.2536671048893178,-0.30929185625581374,-1.9319538744016782,-0.16712379076061198,0.48,0.0,1.55
-1.3269084461456964,-0.45978251751036947,-0.9448829987983902,-0.32740818343737427,2.5267389971405185,0.5687814449619268,1.9407819342337849,0.41788088870613205,0.84,0.26,0.0
1.1998305509948222,0.1089989274515574,0.9958989354353948,0.09047270526875781,-3.012379823868401,-1.074557412558612,-1.87848114258564,-0.5606308144424715,0.42,0.0,1.66
-1.8125492728735793,-0.9655584851070546,-0.8825822071502452,-0.47015810917371376,-0.24755472479570284,0.29256000680050975,-0.067980835506116,0.15962646515674572,0.02,0.0,1.55
-2.060103997669282,-0.6729984783065448,-0.9505630426563612,-0.31053164401696803,2.739881227707967,1.028021060436319,1.83695733347703,0.7734626984954112,0.0,0.0,0.14
0.6797772300386852,0.35502258212977406,0.8863942908206689,0.4629310544784432,-2.5287813305241307,-0.46314790011190415,-1.8846888488431268,-0.5213089220546528,0.0,0.0,1.53
-1.8490041004854456,-0.1081253179821301,-0.9982945580224579,-0.05837786757620967,2.9385685733316818,0.0548919521176549,1.9971031642469668,0.00957860393571891,0.63,0.28,0.0
1.0895644728462361,-0.0532333658644752,0.9988086062245088,-0.04879926364049076,-0.2993285581989241,-0.4246331069035843,-0.14310031258456068,-0.4686592527603974,0.57,0.0,0.6
0.790235914647312,-0.4778664727680595,0.8557082936399482,-0.5174585164008881,0.1887393721311329,3.531152474374183,-0.5503883687017326,1.469708348869092,0.0,1.59,0.0
0.9789752867784449,3.0532860016061236,0.3053199249382156,0.9522498324682039,-1.7173629837182225,-3.19117259579011,-1.2883271498724305,-1.1358167023743333,0.0,0.0,1.06
-0.7383876969397775,-0.13788659418398636,-0.9830072249342149,-0.1835668699061294,0.20096323195275145,2.1957244598521037,0.7303224401569778,1.1511155247768192,0.0,1.27,0.93
-0.537424464987026,2.0578378656681173,-0.2526847847772371,0.9675486548706899,0.3479372044682243,-0.693180034083478,0.11515098488439643,0.022948419272912024,0.0,0.66,0.67
-0.1894872605188017,1.3646578315846394,-0.13753379989284067,0.9904970741436019,0.9476229348495041,-0.7097127533326493,0.8942622249928698,-0.33676770303837944,0.0,0.29,0.12
0.7581356743307024,0.6549450782519901,0.7567284251000291,0.6537293711052224,1.6705101866972878,-2.1675499729563725,0.09210117410491436,-1.1823959120491099,1.55,0.0,0.37
2.42864586102799,-1.5126048947043822,0.8488295992049435,-0.5286665409438874,-1.6504073955730942,2.0915360589515233,-0.04648625839783993,1.1255293086405298,0.0,0.0,0.06
0.7782384654548958,0.5789311642471409,0.8023433408071036,0.5968627676966424,-1.3937839479302863,-0.9525044334041042,-1.6572237343218619,-1.1156878950604314,0.0,0.0,1.15
-0.6155454824753904,-0.37357326915696326,-0.8548803935147583,-0.518825127363789,-0.9808316595538878,-0.8170430285109207,0.053276441988722834,-0.07903029403660711,0.68,0.0,1.59
-1.5963771420292783,-1.190616297667884,-0.8016039515260355,-0.5978554214003962,3.2306667583079562,0.8502132457886085,1.7805932154428739,0.3939436239595247,1.16,0.0,0.0
1.6342896162786782,-0.3404030518792756,0.9789892639168384,-0.20391179744087146,1.947153026572635,0.6686070891904454,0.01683803825056651,0.29516958756307426,1.7,1.47,0.0
3.581442642851313,0.3282040373111698,0.9958273021674049,0.09125779012220282,-2.6649276014667955,0.18589667707775542,-0.1236672604843867,0.39796287756414506,0.25,0.13,0.0
0.9165150413845176,0.5141007143889252,0.8721600416830182,0.48922066768634787,-0.7764389410588411,-0.3495106182039859,-0.22404296118508205,0.2723200403305196,0.0,0.0,0.65
0.14007610032567644,0.16459009618493936,0.6481170804979361,0.7615407080168675,-1.147041617210273,-0.6191288591934406,-1.5595623123938562,-1.1729621333877303,0.57,0.0,1.36
-1.0069655168845966,-0.45453876300850127,-0.9114452318959202,-0.4114214253708627,2.097465341548209,0.595869448637794,1.9031512630087681,0.5399482624688131,0.62,0.15,0.0
1.0904998246636122,0.1413306856292928,0.9917060311128479,0.12852683709795043,-3.7730736121033432,-0.8146180968212446,-1.9616231828881174,-0.37196208247574924,0.0,0.09,1.76
-2.6825737874397313,-0.6732874111919518,-0.9699171517752694,-0.24343524537779884,3.66709856137429,0.7316203951683992,1.9681664850830938,0.3025814079793051,0.54,0.0,0.0
0.9845247739345585,0.05833298397644737,0.9982493333078245,0.05914616260150627,0.42436080932346354,1.6093023129988255,-0.35289199607473676,0.7047346574741248,0.64,1.3,0.0
1.408885583258022,1.667635296975273,0.6453573372330877,0.7638808200756311,-0.6678123976740029,-1.2206501242962697,0.21093977249625506,-0.24739726770520565,0.0,0.17,0.0
0.7410731855840191,0.4469851726790033,0.8562971097293428,0.5164835523704254,0.056728886876305507,-0.46144956506197177,0.1435385768554589,-0.5346108751594703,0.19,0.0,0.0
0.7978020724603246,-0.01446439238296849,0.9998356865848017,-0.018127322789044876,-1.8028293393656143,-0.42037183790859667,-1.917616240342148,-0.3789606462365338,0.0,0.0,1.25
-1.0050272669052898,-0.43483623029156515,-0.9177805537573462,-0.3970879690255787,1.8307076932421813,0.7340024600522046,1.8579687513694827,0.7377434446469785,0.39,0.09,0.0
0.8256804263368916,0.2991662297606395,0.9401881976121366,0.3406554756213998,2.3011502471232155,-0.20305058318479446,0.059339693882305644,-0.3099309882428526,1.58,1.1,0.0
3.1268306734601072,0.09611564657584504,0.9995278914944422,0.030724487378547227,-3.8191264690430398,0.5837742926351311,-1.7129984280358674,0.6699607440109053,0.0,0.49,1.07
-0.6922957955829323,0.6798899392109762,-0.7134705365414253,0.7006852313894526,2.576465755719807,1.4318228827274666,1.379233050935768,0.0454784734550826,0.91,1.57,0.0
1.8841699601368747,2.111712821938443,0.6657625143943426,0.7461637048445352,-2.0585132065777074,-1.5418153720488743,-0.9583001115029663,0.21009031699166736,0.0,0.53,0.83
-0.17434324644083296,0.5698974498895686,-0.2925375971086237,0.9562540218362026,0.9679142706193774,-0.20259272019358077,1.200043417647099,-0.536214516921738,0.01,0.0,0.0
0.7935710241785444,0.3673047296959878,0.9075058205384754,0.4200395049144645,1.8071611602541897,-1.7452105339457464,-0.023865131950321805,-0.8882052164648233,1.63,0.0,0.11
2.6007321844327342,-1.3779058042497585,0.8836406885881536,-0.46816571155035885,-3.710893658757109,3.8268398422978103,-1.29652170947214,1.3789506821080626,0.0,1.52,1.29
-1.1101614743243746,2.4489340380480518,-0.4128810208839863,0.9107849705577037,-0.4951630969279355,-3.0582294136869024,-0.5220432619997444,-1.2656322409069931,0.71,0.0,1.53
-1.60532457125231,-0.6092953756388505,-0.9349242828837308,-0.35484727034928953,1.0509948538740095,1.1130796211487959,0.1948833076670219,1.0274090556153737,0.0,0.41,0.9
-0.5543297173783006,0.5037842455099453,-0.7400409752167089,0.6725617852660842,1.8575851852293959,-0.5149739967708776,1.7400041175577652,-0.6811474686634817,0.99,0.2,0.0
1.3032554678510953,-0.011189751260932364,0.9999631423410563,-0.008585683397397549,-0.3307572639882099,0.5189758798530559,-0.11352628178881286,0.4714352186183832,0.53,0.59,0.0
0.9724982038628853,0.5077861285921236,0.8864368605522435,0.46284953522098565,1.6805212286518338,-2.141281475579741,-0.034902922069468434,-0.9871490217856909,1.7,0.0,0.33
2.653019432514719,-1.6334953469876177,0.851533938482775,-0.5242994865647053,-2.296963127587483,1.6765115012732006,0.14124712565047104,0.6442401331298274,0.38,0.0,0.62
0.356056304927236,0.04301615428558299,0.9927810641332461,0.11994064656512214,0.4728104859721512,3.0459674169757305,-0.7336189260626935,0.8458931829266284,0.0,1.53,0.15
0.8288667908993872,3.0889835712613136,0.25916213807055255,0.9658338294917506,-0.18204387718449822,-2.488547990184342,0.4737362602639512,-0.28549572404805346,0.0,0.51,0.29
0.646822913714889,0.6004355810769716,0.7328983983345038,0.6803381054436971,-0.4121762265135033,-0.7207445874297517,0.1569539051625809,-1.1365868073168446,0.0,0.0,0.64
0.2346466872013857,-0.12030900635278005,0.8898523034970847,-0.45624870187314753,0.8433005096991031,2.3805002761693665,-0.45937658304932616,1.358850859030432,0.0,1.41,0.0
1.0779471969004888,2.2601912698165867,0.4304757204477585,0.9026021571572845,-0.2143640134144058,-1.6736239600574931,0.39674875965387935,-0.3407305886288752,0.1,0.0,0.12
0.863583183486083,0.5865673097590937,0.8272244801016378,0.5618715685284094,1.997693195874188,1.1450546418897565,0.028302515345968504,-0.04411336235453189,1.37,1.58,0.0
2.861276379360271,1.73162195164885,0.8555269954476064,0.5177582061738775,-1.9316782751312713,-1.3321183755593666,0.06322237374664408,-0.1229169765572542,0.0,0.26,0.0
0.9295981042289995,0.3995035760894834,0.9187493691942504,0.39484122961662327,-0.5581120567737832,-0.48946444347400525,0.0531584287502993,-0.6302031472978322,0.58,0.0,0.87
0.3714860474552163,-0.08996086738452186,0.9719077979445497,-0.23536191768120898,-2.983748066472767,-0.6037650128129115,-1.9384072642804373,-0.021306704422165174,0.0,0.05,1.77
-2.612262019017551,-0.6937258801974333,-0.9664994663358875,-0.25666862210337416,5.207602270036353,-0.8363860108539494,1.8279341131889302,-0.25119981479852027,1.7,0.0,0.26
2.595340251018802,-1.5301118910513827,0.8614346468530427,-0.5078684369018944,-1.2376517425518307,1.4284785395757638,0.13577524103233596,0.43321966260766703,0.83,0.0,0.11
1.3576885084669712,-0.10163335147561883,0.9972098878853787,-0.07464877429422738,0.29666922285736597,3.06604649943293,-0.5098883000098334,0.9478713518713633,0.5,1.71,0.0
1.6543577313243372,2.9644131479573113,0.48732158787554525,0.873222577577136,2.1041494459315384,-2.281577635897022,0.49657270542885656,-0.6944712989718299,1.69,1.38,0.0
3.7585071772558756,0.6828355120602891,0.9838942933044018,0.17875127860530607,-1.111923427585931,-0.8029557537148695,0.015077309762460467,-0.22409150650529971,1.2,0.81,0.0
2.6465837496699445,-0.12012024165458034,0.9989716030668623,-0.045340227899993646,-3.0928373284956576,-0.9747095870436946,-1.3764221258753164,-0.8806895247708504,1.15,0.0,1.55
-0.44625357882571315,-1.094829828698275,-0.37745052280845415,-0.9260297526708441,-1.0704713816891331,1.5519340405501185,-0.5800124442000028,1.2145859288434615,0.0,0.71,1.3
-1.5167249605148463,0.4571042118518435,-0.9574629670084569,0.28855617617261736,0.24906654361931424,-0.9230051337017645,0.018848456013201953,-0.6335240003955998,0.27,0.0,1.28
-1.267658416895532,-0.465900921849921,-0.938614510995255,-0.34496782422298233,3.263593963636837,-0.4374043914395364,1.849656928341704,-0.06734481661590641,1.34,0.0,0.0
1.9959355467413051,-0.9033053132894574,0.9110424173464491,-0.41231264083888874,-1.3256871704908333,1.0281163625597667,0.07205763573967128,0.5953817142021067,0.0,0.0,0.41
0.670248376250472,0.12481104927030925,0.9831000530861204,0.18306907336321804,2.76164555125081,0.26748795817203364,0.01042992300629808,-0.06949888975062304,1.68,1.31,0.0
3.431893927501282,0.39229900744234286,0.9935299760924184,0.113570183612595,-1.978167937238078,-0.1808991375224841,-0.003938574494794844,0.030335542069362287,0.74,0.41,0.0
1.453725990263204,0.21139986991985876,0.9895914015976236,0.14390572568195728,-3.70367174055366,-0.4330187005481376,-1.9847753293430401,-0.24193097731236868,0.0,0.23,1.64
-2.249945750290456,-0.22161883062827886,-0.9951839277454165,-0.09802525163041141,2.476251520521301,0.31547723819707163,1.9188909340252835,0.4811249338927255,0.0,0.02,0.58
0.22630577023084542,0.09385840756879274,0.9237070062798669,0.38309968226231406,-0.2854953791609754,2.116586449886731,-0.9504746499303198,0.616542000168647,0.0,1.31,0.77
-0.059189608930129964,2.2104448574555238,-0.026767643650452966,0.9996416824309611,-1.835846148030875,-1.7355423962769616,-0.9432369753389185,-0.7565551975345679,0.0,0.79,1.52
-1.895035756961005,0.47490246117856216,-0.9700046189893714,0.24308648489639312,-0.39787603944577166,1.921688117948177,0.2786999790060717,0.47947693428393073,0.0,1.55,1.62
-2.2929117964067767,2.3965905791267392,-0.6913046399832997,0.7225634191803239,0.4339778600779516,-2.7132623462108736,-0.29449393399096124,-0.8904954636218585,0.51,0.0,1.48
-1.858933936328825,-0.3166717670841346,-0.985798573974261,-0.16793204444153462,1.3766234978556993,-1.3142943624892052,0.7022177078215113,-0.7910162817742507,1.38,0.0,1.47
-0.4823104384731257,-1.6309661295733398,-0.28358086615274974,-0.9589483262157853,-1.8296903429988989,1.7324182317729317,-0.7154577661490502,1.0027867929835566,0.0,0.54,1.54
-2.3120007814720247,0.10145210219959193,-0.9990386323017999,0.04383846676777137,3.118155785253334,0.12174253750857132,1.96278349906276,0.22298700389029635,0.24,0.0,0.0
0.8061550037813096,0.22319463970816325,0.96374486676096,0.2668254706580677,1.3743361739151974,-2.2143403193183904,-0.225303628283837,-0.941143301740987,1.77,0.0,0.7
2.180491177696507,-1.991145679610227,0.7384412384771231,-0.6743178310829193,0.1458214913066751,0.5082472814262888,0.10480664988205401,0.13679294907485007,1.5,0.0,0.0
2.326312669003182,-1.482898398183938,0.8432478883591771,-0.5375248820080692,-3.8061526670875674,-0.25648280821242353,-1.4912434894482614,-0.2241191956090265,0.95,0.0,1.72
-1.4798399980843855,-1.7393812063963616,-0.6479956010890842,-0.7616440776170957,2.062107700505119,3.1621017576085713,1.0267653358152335,1.68713502195717,0.0,1.07,0.11
0.5822677024207332,1.4227205512122094,0.3787697347261495,0.9254909443400742,2.0654569899312234,-2.727202729989374,0.5182684002768667,-1.3674440915743828,1.62,0.18,0.0
2.6477246923519564,-1.3044821787771645,0.8970381350030162,-0.4419531472343087,-1.215240068352694,0.10326917526692792,-0.13078714886394782,-0.20058823372173928,1.25,0.0,0.69
1.4324846239992624,-1.2012130035102366,0.7662509861390684,-0.642541380956048,-4.043159787761483,2.554865235035894,-1.65400985127983,1.1028501874805232,0.0,1.36,1.76
-2.6106751637622208,1.3536522315256572,-0.8877588651407617,0.4603088065244752,3.270344371647483,-0.5483774489933342,1.5214615021876925,0.31326793032828587,0.0,0.0,0.13
0.6596692078852622,0.805274782532323,0.6337026370469308,0.7735767368527611,-0.7331992025295321,1.598998391724203,-0.664271389549913,0.2259559296321375,0.0,1.44,0.8
-0.07352999464426994,2.404273174256526,-0.03056875250298228,0.9995326664848986,0.15283268955709883,1.3611801425755417,0.05162468037795921,0.00024563289017975887,0.0,1.78,0.72
0.07930269491282887,3.7654533168320676,0.021055927874976933,0.9997782993750783,0.44423427780301566,-3.0492307944844583,0.5690661654708961,-0.1924642867721229,0.17,0.0,0.44
0.5235369727158445,0.7162225223476093,0.590122093345873,0.8073140126029554,-1.3899578950785063,-0.8977803511858145,-1.568864236738416,-1.0124086657447935,0.5,0.0,1.32
-0.8664209223626617,-0.1815578288382052,-0.978742143392543,-0.205094653141838,0.2859025938935774,-2.394226727007355,0.7588814467721958,-0.7704366247173682,1.62,0.0,1.74
-0.5805183284690842,-2.5757845558455603,-0.21986069662034716,-0.9755312778592061,2.63916130548146,2.2930364584101435,1.210560002429116,0.8394618636985527,1.31,0.71,0.0
2.0586429770123758,-0.2827480974354167,0.9906993058087689,-0.1360694141606534,-0.291342822046079,-0.2083623542932987,-0.027208639348964336,-0.1316725056891185,1.09,0.0,0.0
1.7673001549662968,-0.49111045172871537,0.9634906664598045,-0.2677419198497719,-1.0928781000848615,1.516369940675343,-0.41392578637807886,1.1031929612524136,0.0,0.71,0.03
0.6744220548814354,1.0252594889466276,0.5495648800817257,0.8354510414026417,-2.380728816406807,-0.956259690411004,-1.5487482616212915,-0.7950459667812763,0.0,0.0,1.46
-1.7063067615253718,0.06899979853562356,-0.999183381539566,0.04040507462136545,1.8315030168541138,1.1706325157557325,1.099666888711335,0.954533649515182,0.0,0.83,0.47
0.12519625532874204,1.2396323142913561,0.10048350717176902,0.9949387241365475,2.7035971747396834,-1.9789381411201699,0.8670200799623944,-1.2477960136943658,1.59,0.56,0.0
2.8287934300684254,-0.7393058268288137,0.9675035871341634,-0.2528572895578183,-1.741124592549431,2.295101971843571,-0.3945322361617243,1.0724326863120266,0.22,1.07,0.0
1.0876688375189945,1.5557961450147573,0.5729713509724391,0.8195753967542083,0.6513758891157262,-1.6905436679060373,0.4240402409174159,-0.8968274882291783,1.05,0.42,0.0
1.7390447266347207,-0.13474752289127995,0.997011591889855,-0.07725209147497004,-2.654339198192248,-0.23942901867494115,-1.9226514114714472,-0.30115367540095533,0.0,0.0,1.2
-0.9152944715575276,-0.3741765415662211,-0.9256398195815924,-0.37840576687592536,1.0657912090527242,-1.0174786604176789,1.0331552233416077,-0.615797651924433,1.2,0.0,1.27
0.15049673749519663,-1.3916552019839,0.10751540376001525,-0.9942034188003585,0.4821518781979873,1.9450631491010069,0.6451553773105767,1.6526004838929855,0.09,0.0,0.31
0.632648615693184,0.5534079471171068,0.7526707810705919,0.6583970650926271,0.38254475914218455,1.2156979271097508,-0.25495240595296503,0.2089416340729695,0.0,1.14,0.0
1.0151933748353685,1.7691058742268577,0.4977183751176269,0.8673386991655966,1.283823662126181,-2.7877228409050785,0.41656020038807856,-1.2724247225868672,1.47,0.0,0.01
2.2990170369615495,-1.0186169666782208,0.9142785755057055,-0.40508602342127054,-0.7753268197140306,0.18264741025700393,-0.03756261219502521,-0.07592241691655338,1.28,0.0,0.63
1.5236902172475189,-0.8359695564212168,0.8767159633106802,-0.4810084403378239,0.1878456058170055,0.3533407667320699,0.08575017831203646,0.2096066602591356,1.16,0.0,0.0
1.7115358230645243,-0.48262878968914696,0.9624661416227167,-0.2714017800786883,-0.6195424492464998,0.8038243835818646,-0.0031056516204513995,0.5535851428459029,0.4,0.0,0.06
1.0919933738180245,0.3211955938927177,0.9593604900022653,0.2821833627672146,-2.3062210942521726,-0.8663966967458776,-1.871619457527046,-0.6917972982853084,0.29,0.0,1.4
-1.214227720434148,-0.5452011028531599,-0.9122589675247806,-0.40961393551809383,1.6514438938411509,3.9390275757795568,1.0400299717271966,1.4014176310572395,0.0,1.67,0.3
0.4372161734070029,3.393826472926397,0.12777100420241602,0.9918036955391456,1.7187027674224158,-1.3842216470198325,0.6037218115756341,-0.30995454765883945,1.13,1.48,0.0
2.1559189408294186,2.0096048259065644,0.7314928157780501,0.6818491478803062,-1.1300913070289267,-1.359813839332762,0.11328897661625548,-0.14673820308561758,0.1,0.53,0.0
1.025827633800492,0.6497909865738025,0.8447817923943056,0.5351109447946886,1.3326215545087565,0.8784010977188454,-0.0055585892816437665,0.008676160015018919,1.15,1.22,0.0
2.3584491883092484,1.528192084292648,0.8392232031126619,0.5437871048097075,1.1683622928324153,-1.0687413981781544,0.1523976852342689,-0.4146050093241335,1.63,1.26,0.0
3.5268114811416638,0.45945068611449363,0.9916208883469307,0.12918209548557397,-0.3706123979271645,-0.531929908854532,0.008115541303092777,-0.15214012742699895,1.47,0.98,0.0
3.1561990832144993,-0.07247922274003833,0.9997364296500235,-0.022958031941424983,-0.4065904565125069,-1.136292704899426,-0.08429185663278427,-0.37948604334517255,1.46,0.0,0.0
2.7496086267019924,-1.2087719276394644,0.9154445730172392,-0.40244407528659754,-1.7432722746259042,2.1639880519443118,-0.19015606615561442,1.0908891216152314,0.0,0.19,0.0
1.0063363520760882,0.9552161243048474,0.7252885068616248,0.6884450463286339,-0.33685912742208224,-0.3067950359301266,-0.006975915093176077,0.007275458261315593,0.0,0.33,0.46
0.6694772246540059,0.6484210883747208,0.7183125917684487,0.6957205045899495,-0.5252300263306129,-0.4452684187631668,-0.13936718313231566,0.11964580193684149,0.0,0.0,0.79
0.14424719832339303,0.203152669611554,0.5789454086361331,0.815366306526791,1.1773336627508961,0.14910603831092975,0.38731916863177496,-0.5578148229021163,0.89,0.0,0.0
1.3215808610742892,0.35225870792248376,0.966264577267908,0.25755148362467467,-1.3878037399274996,2.0342832389764314,-0.994002366915082,0.7420637498654363,0.0,1.32,0.81
-0.06622287885321035,2.386541946898915,-0.027737789647173952,0.9996152334901109,-0.877017801853596,-0.8882857761191068,-0.5050326864776243,-0.15335545081710944,0.0,1.13,1.16
-0.9432406807068063,1.4982561707798083,-0.5327704761247983,0.8462597826730015,0.24115682934186844,-1.9439694272752406,-0.31147186670540905,-1.3822214105649269,0.83,0.0,1.33
-0.7020838513649379,-0.44571325649543214,-0.8442423428302074,-0.5359616278919254,-0.09271432523447976,-1.9463697229569932,0.5289297731267301,-0.41302624525872234,1.45,0.0,1.74
-0.7947981765994176,-2.392082979452425,-0.3153125697034773,-0.9489878731506477,-0.6105252876100411,2.211604312357824,-0.6765415647190617,0.8216090050880217,0.0,0.0,1.29
-1.4053234642094588,-0.18047866709460145,-0.991854134422539,-0.12737886806262602,0.5326229612138789,0.6274212916737708,0.10178994861874957,0.5832140851635401,0.0,0.22,1.05
-0.8727005029955799,0.44694262457916933,-0.8900641858037894,0.4558352171009141,1.5192935716436224,-1.0136166326877778,1.6421189553897242,-1.1149358342626998,0.83,0.0,0.56
0.6465930686480424,-0.5666740081086085,0.7520547695859346,-0.6591006171617857,0.014350184274741884,-0.6443725889158621,-0.27299463476537666,-0.21868146697169033,1.22,0.0,0.95
0.6609432529227843,-1.2110465970244706,0.479060134820558,-0.877782084133476,0.5132763285786319,3.350546825689605,0.002070217510823591,1.754431149646855,0.24,1.43,0.0
1.1742195815014163,2.139500228665135,0.48113035233138157,0.876649065513379,-2.919003222316383,-2.648244266718735,-1.4411527103917026,-1.1565723979176297,0.0,0.0,1.43
-1.7447836408149668,-0.5087440380536004,-0.9600223580603211,-0.27992333240425077,-0.27010996304752855,1.2058112283013975,0.01497888842084949,0.6068680379613054,0.0,0.87,1.46
-2.0148936038624954,0.6970671902477973,-0.9450434696394716,0.3269447055570547,4.740705941180034,-2.4019982892824445,1.7928602222644638,-0.8572340171299101,1.73,0.0,0.0
2.7258123373175387,-1.7049310990346473,0.8478167526249921,-0.5302893115728554,-1.4413173392423348,-0.2964026883220048,-0.3076772215714403,-0.3112861675098286,1.49,0.0,1.17
1.2844949980752038,-2.001333787356652,0.5401395310535518,-0.841575479082684,-0.49232186690690194,2.647710916393372,0.23466290600015238,1.473778914327733,0.25,0.0,0.2
0.7921731311683019,0.6463771290367198,0.7748024370537042,0.632203435245049,0.0530428112332465,0.88640825552281,-0.29192603286374336,0.24348508145285408,0.0,0.85,0.0
0.8452159424015484,1.5327853845595298,0.48287640418996086,0.875688516697903,-0.5889590823860695,1.1626770144171095,-0.38823342400117566,0.11982276214377097,0.0,1.39,0.63
0.2562568600154789,2.6954623989766393,0.09464298018878518,0.995511278841674,1.030157556389281,-3.3011440387396407,0.810091666356415,-1.4214868876982512,1.12,0.0,0.54
1.28641441640476,-0.6056816397630012,0.9047346465452002,-0.42597560885657726,-1.0103379805325081,0.9446094481335787,-0.2731812625543598,1.2013080041359943,0.0,0.09,0.6
0.27607643587225184,0.33892780837057757,0.6315533839908404,0.775332395279417,-0.8290389467468163,-0.7345434844060392,-1.4448396984234488,-1.3571960999015769,0.0,0.0,1.11
-0.5529625108745645,-0.3956156760354616,-0.8132863144326086,-0.58186370462216,1.5116757825149831,2.1822194754393136,1.2861223307231167,1.4630141467706743,0.31,1.25,0.0
0.9587132716404186,1.786603799403852,0.47283601629050814,0.8811504421485143,1.0155241818091256,0.6191000736566825,0.16154331025497687,-0.10812853427545999,0.89,1.51,0.0
1.9742374534495442,2.4057038730605345,0.634379326545485,0.7730219078730544,-1.2656332647833106,-1.5606827550914435,0.008167350497847226,-0.0067753628103234265,0.13,0.0,0.3
0.7086041886662334,0.8450211179690909,0.6425466770433322,0.7662465450627309,0.5845739005000884,-0.9828588289571288,0.3518207344343587,-0.8722345207541109,0.72,0.0,0.0
1.2931780891663218,-0.13783771098803796,0.9943674114776909,-0.10598797569138002,0.6175289874578929,-1.7423709704912307,-0.2815949334895109,-0.5954073440981018,1.63,0.0,0.86
1.9107070766242147,-1.8802086814792687,0.71277247798818,-0.7013953197894818,1.587516738742343,2.0894054034106952,0.2854442333372612,0.7610895174189064,1.67,1.41,0.0
3.4982238153665577,0.20919672193142644,0.9982167113254412,0.05969419762942467,-1.0745541422250944,-0.7423321007718321,-0.021566161032765097,-0.27452832576788627,1.37,0.57,0.0
2.4236696731414633,-0.5331353788404056,0.9766505502926761,-0.21483412813846162,-1.2994771156608762,0.5091778482262812,0.02312245026000037,0.193528087542005,0.61,0.0,0.12
1.124192557480587,-0.023957530614124423,0.9997730005526765,-0.02130604059645662,-3.295437466562273,2.2271114319646528,-1.7017031265611728,0.7335518536425543,0.0,1.54,1.65
-2.171244909081686,2.2031539013505284,-0.7019301260084962,0.7122458130460977,1.587724689132302,-3.5545625287606035,0.3055184996384446,-1.6303186982129838,1.26,0.0,1.48
-0.5835202199493841,-1.3514086274100752,-0.3964116263700517,-0.9180728851668861,1.263116055608687,2.4053073265967635,0.9383477089479219,1.7584925912662563,0.0,0.78,0.0
0.6795958356593028,1.0538986991866883,0.5419360825778702,0.8404197060993702,-1.7776458521067091,-2.1498351920620924,-1.249723709481511,-1.5468449853767419,0.64,0.0,1.5
-1.0980500164474063,-1.095936492875404,-0.7077876269036408,-0.7064252792773716,0.06083008418645974,-1.2141517827013413,0.29818491892904,-0.2058387294502959,1.36,0.0,1.73
-1.0372199322609466,-2.3100882755767453,-0.40960270797460085,-0.9122640087276676,1.8274531299088952,2.8054152873466665,1.2569105697055305,1.4433660586662456,0.43,0.48,0.0
0.7902331976479486,0.4953270117699212,0.8473078617309296,0.531102049938578,-1.4413500038427012,0.5667445877969802,-1.3699689370187005,0.3214385065037716,0.0,0.96,1.04
-0.6511168061947524,1.0620715995669014,-0.522661075287771,0.8525405564423496,0.5920290680495414,0.8679816250071766,0.4920608478920595,0.14699114694845872,0.0,1.3,0.61
-0.059087738145211025,1.930053224574078,-0.030600227395711426,0.9995317033908083,0.2928393155477382,-1.4763265017957297,0.4885778259982392,-0.11056797005954244,0.0,0.2,0.54
0.23375157740252714,0.45372672277834847,0.45797759860252774,0.8889637333312659,-2.825814984603604,-0.5690879289475554,-1.4569886954668847,-0.9334252711125268,0.0,0.52,1.74
-2.592063407201077,-0.11536120616920693,-0.999011096864357,-0.044461537781260906,5.520423711050475,-1.6412913035459713,1.856551003299673,-0.4699559083370735,1.79,0.0,0.0
2.9283603038493977,-1.7566525097151782,0.857539906435316,-0.5144174461183344,-1.746659152732474,2.1036400981837193,0.10195113044013504,0.7961565988033525,0.58,0.0,0.0
1.1817011511169238,0.34698758846854105,0.959491036875451,0.2817391526850182,0.9158705530746056,-1.9774460483376575,-0.16995896020672885,-0.8954484486152452,1.49,0.0,0.51
2.0975717041915294,-1.6304584598691165,0.7895320766687222,-0.613709295930227,-1.272154471290262,2.1848509578986963,0.04060350394704415,1.171270877996033,0.0,0.07,0.0
0.8254172329012675,0.55439249802958,0.8301355806157663,0.557561582065806,-0.06088924407038121,-0.12676921506520283,0.04261968084227419,-0.06940356093196509,0.07,0.0,0.0
0.7645279888308862,0.4276232829643772,0.8727552614580405,0.4881580211338409,-0.3337868165391992,1.90103617064319,-0.690866897080129,0.4951611655517074,0.0,1.25,0.45
0.430741172291687,2.328659453607567,0.18188836437791145,0.9833191866855483,0.5265499215860359,-2.02303383248176,0.7707399468114902,-0.6791822097813438,0.34,0.0,0.0
0.9572910938777229,0.30562562112580727,0.9526283111894016,0.3041369769042045,-1.0835503529721415,-0.09103196258007312,-1.459731074636418,0.5577486229896558,0.0,0.0,0.79
-0.12625925909441849,0.21459365854573415,-0.5071027634470164,0.8618855998938603,0.9966122186592359,-0.18286475439811037,1.5064389336921216,-0.825454585087161,0.75,0.0,0.42
0.8703529595648174,0.03172890414762378,0.9993361702451052,0.036431014806699254,1.1929343945909237,-1.40713403443978,-0.1672635836861983,-0.5910977712444457,1.55,0.0,0.44
2.063287354155741,-1.3754051302921562,0.8320725865589069,-0.5546667564377464,-0.9071912274111098,1.867114646188148,0.08815266388944654,0.9460559341589312,0.64,0.19,0.0
1.1560961267446312,0.49170951589599193,0.9202252504483535,0.39138917772118476,0.7424130904206481,0.31191027952289246,0.0006716020115655752,-0.001582832045008975,1.07,1.04,0.0
1.8985092171652793,0.8036197954188844,0.920896852459919,0.3898063456761758,-1.8205094129341792,1.3002428849928611,-0.8838477361537169,0.6095071001359625,0.0,1.31,0.7
0.07799980423110012,2.1038626804117455,0.03704911630620216,0.9993134458121383,0.712155085001739,-1.2463940995408542,0.6406034921295797,-0.26393127151078843,0.0,0.79,0.0
0.790154889232839,0.8574685808708912,0.6776526084357818,0.7353821743013499,0.06105140363102368,-0.4124465290236749,0.20854150005685101,-0.2720680237804017,0.0,0.0,0.01
0.8512062928638627,0.44502205184721627,0.8861941084926328,0.4633141505209482,-0.10532022306433486,0.13274710733241696,-0.09562894924334264,0.1490637793402972,0.0,0.53,0.29
0.7458860697995279,0.5777691591796332,0.7905651592492902,0.6123779298612454,0.5664266546869817,-0.4347570480464632,0.20354920216626227,-0.5040421720185629,0.77,0.49,0.0
1.3123127244865096,0.14301211113317003,0.9941143614155524,0.10833575784268244,-0.18214793719792266,-0.026763083516004996,0.0006371347757545553,-0.006015374608665469,0.37,0.28,0.0
1.130164787288587,0.11624902761716503,0.994751496191307,0.10232038323401697,-1.7632290882208288,-0.7551535440413258,-1.6986041937459841,-0.812666341303044,0.47,0.0,1.34
-0.6330643009322419,-0.6389045164241608,-0.7038526975546773,-0.7103459580690271,0.7444909257314274,0.6653001593675265,1.6769229440653912,0.9408547330767879,0.39,0.0,0.77
0.11142662479918557,0.026395642943365695,0.9730702465107139,0.23050877500776076,0.7278052787959743,0.8465560183577803,-0.2800236197076037,0.49038398614110135,0.0,0.38,0.0
0.8392319035951599,0.872951661301146,0.6930466268031102,0.7208927611488621,-3.0830618657560755,0.5330947964659875,-1.5404243746837207,-0.18990222225312592,0.0,1.36,1.69
-2.2438299621609157,1.4060464577671334,-0.8473777478806106,0.5309905388957362,3.187987072634389,-0.39874654492078987,1.531246955517004,0.1986140847510518,0.52,0.71,0.0
0.9441571104734731,1.0072999128463436,0.6838692076363935,0.729604623646788,-0.1518935528256362,-0.16984267078624704,0.0033646478241449174,-0.0031683718608217504,0.0,0.68,0.0
0.7922635576478368,0.8374572420600965,0.6872338554605384,0.7264362517859663,0.6104885117804416,0.3023796256751392,0.08885284704603758,-0.09581003111918374,0.46,1.1,0.0
1.4027520694282785,1.1398368677352357,0.776086702506576,0.6306262206667825,1.1976143912457953,-2.1952771388978736,0.15049893676383674,-1.0067100585245674,1.56,0.0,0.0
2.6003664606740737,-1.0554402711626376,0.9265856392704127,-0.3760838378577849,-2.3247953520780262,1.3688940755098686,-0.2663200273715739,1.1271160087691592,0.0,0.0,0.58
0.2755711085960473,0.31345380434723114,0.6602656118988388,0.7510321709113744,2.8113002419417583,-1.7585259239259616,0.24540730893445672,-1.17500924631674,1.75,0.0,0.0
3.086871350537806,-1.4450721195787306,0.9056729208332955,-0.42397707540536567,-5.460173240743016,2.7957106287946614,-1.7747877062217197,0.9185875178944354,0.0,1.3,1.66
-2.37330189020521,1.3506385092159308,-0.8691147853884242,0.4946104424890697,4.444403800449244,-3.197500728812689,1.6154705041631858,-1.1601576917901308,1.76,0.0,0.78
2.0711019102440336,-1.8468622195967581,0.7463557187747616,-0.6655472493010612,-2.6791502072256517,4.346434645908671,-0.9827235175571921,1.6372109070030194,0.0,1.58,1.0
-0.608048296981618,2.4995724263119126,-0.23636779878243053,0.9716636577019583,2.363649564406949,-3.437211726791551,1.1184454924154048,-1.4427676190471512,1.3,0.0,0.31
1.755601267425331,-0.9376393004796386,0.8820776936329742,-0.47110396134519295,0.017075872946392012,-0.8961395547066897,-0.18705068235948086,-0.24787966405961104,1.61,0.0,0.93
1.772677140371723,-1.8337788551863283,0.6950270112734933,-0.718983625404804,0.006488083328315186,0.8582587421292796,0.18181679932026273,0.23820828096270247,1.18,0.0,0.15
1.7791652237000382,-0.9755201130570488,0.876843810593756,-0.4807753444421015,1.8486712396739124,1.096044733854404,0.12260478932206564,0.5139792015418986,1.75,1.53,0.0
3.6278364633739506,0.12052462079735504,0.9994485999158217,0.03320385709979706,-2.3518180939625415,1.942889718365405,-0.473491372531052,0.8173071627945518,0.02,1.43,0.0
1.2760183694114093,2.06341433916276,0.5259572273847697,0.850511019894349,-0.2479896834326485,-1.289881963276508,0.2731050137827393,-0.24926270618331847,0.47,0.92,0.0
1.0280286859787608,0.773532375886252,0.799062241167509,0.6012483137110305,0.7268516969829097,-1.0307277712935015,0.19036781061337327,-0.7462592534117323,1.08,0.54,0.0
1.7548803829616706,-0.2571953954072494,0.9894300517808823,-0.14501093970070178,-0.22955173191762057,-0.8453786654535893,-0.1789899190930665,-0.44081052741104165,1.15,0.0,0.24
1.52532865104405,-1.1025740608608388,0.8104401326878158,-0.5858214671117434,-3.9194366410257944,0.4428344418334983,-1.7745053845070173,0.3201559062372118,0.0,0.08,1.66
-2.394107989981744,-0.6597396190273405,-0.9640652518192016,-0.26566556087453164,1.586109928534413,2.390594327891234,0.5410654964258178,1.1717953567300357,0.0,1.21,0.9
-0.8079980614473311,1.7308547088638935,-0.42299975539338375,0.9061297958555041,2.3363504036499485,-2.854445002786307,1.2287006299386793,-1.4984524281741973,1.35,0.0,0.35
1.5283523422026175,-1.1235902939224134,0.8057008745452957,-0.5923226323186931,-1.4011626681051907,1.5283753245710332,-0.5059353636623306,1.5463355454834338,0.07,0.0,0.65
0.12718967409742685,0.4047850306486197,0.2997655108829651,0.9540129131647407,0.6336973691903591,0.40175566147060315,0.386454724134925,-0.22661907963850592,0.0,0.0,0.01
0.760887043287786,0.8065406921192229,0.6862202350178901,0.7273938335262348,1.4358416092045556,-1.7645426524425831,0.2304063895134909,-1.1271382908989502,1.43,0.09,0.0
2.1967286524923417,-0.9580019603233603,0.916626624531381,-0.3997444573727155,-4.7205025915995,0.04057264414600903,-1.8564567193296933,0.05810225724018586,0.0,0.0,1.74
-2.5237739391071585,-0.9174293161773512,-0.9398300947983123,-0.34164220013252966,3.0438185937777487,1.7230592303546348,1.4821656480503975,1.1818041771814523,0.0,0.59,0.16
0.52004465467059,0.8056299141772836,0.5423355532520854,0.8401619770489227,-1.7478591285913212,-1.1193943505267916,-1.511200302819538,-1.0877525605645273,0.14,0.0,1.31
-1.227814473920731,-0.313764436349508,-0.9688647495674525,-0.24759058351560453,2.151545889801342,2.001690238244671,1.4489359075072585,1.1248201334706511,0.28,1.25,0.0
0.9237314158806109,1.6879258018951628,0.48007115793980604,0.8772295499550467,-0.19418981352365028,2.0506870180840258,-0.2885465921878017,0.10425826999663579,0.0,1.8,0.38
0.7295416023569606,3.7386128199791884,0.19152456575200433,0.9814878199516824,-1.74578594804689,-4.069607139069431,-1.1423618196723062,-1.2911788216893814,0.24,0.0,1.25
-1.0162443456899293,-0.3309943190902428,-0.9508372539203018,-0.3096910017376988,0.7670341742349057,-0.1458209166229476,0.48763290690449484,-0.5765605048368513,0.37,0.0,0.97
-0.24921017145502353,-0.4768152357131904,-0.463204347015807,-0.8862515065745501,1.0204508698182875,1.4495362474949567,1.0844864566675174,1.6698384770039467,0.17,0.12,0.0
0.771240698363264,0.9727210117817664,0.6212821096517105,0.7835869704293966,-2.2502871343569897,-2.1757559928317614,-1.397059783064941,-1.4145933106776982,0.88,0.0,1.64
-1.4790464359937259,-1.2030349810499952,-0.7757776734132303,-0.6310063402483015,-0.5716796835385036,-0.46998807234885587,0.0009241775514295947,-0.001134514269697795,0.89,0.0,1.74
-2.0507261195322295,-1.673023053398851,-0.7748534958618007,-0.6321408545179993,2.8106736452306267,3.7541393740309523,1.117863127610387,1.5714727407689129,0.0,1.3,0.0
0.7599475256983971,2.0811163206321015,0.3430096317485862,0.9393318862509136,0.10176506295380405,-1.3663286332136046,0.42666196733204015,-0.3008918894080844,0.0,0.3,0.0
0.8617125886522011,0.7147876874184969,0.7696715990806263,0.6384399968428291,1.6578681285653571,-2.9080060000598884,-0.01540393012218344,-1.295007041069081,1.74,0.0,0.63
2.519580717217558,-2.1932183126413913,0.7542676689584429,-0.6565670442262518,-4.104873826994272,1.9275038464028895,-1.7405099551862784,0.49126080460992017,0.0,0.36,1.43
-1.585293109776714,-0.2657144662385018,-0.9862422862278356,-0.1653062396163316,0.7593525210037401,1.164505972680448,0.3096063060992956,0.9016239362632953,0.0,0.92,0.98
-0.8259405887729739,0.8987915064419463,-0.67663598012854,0.7363176966469637,3.2605870115832833,-0.9644348841892169,1.6762726985800716,-0.7632700828762591,1.45,0.77,0.0
2.4346464228103093,-0.06564337774727055,0.9996367184515317,-0.02695238622929538,-1.3609010495604046,0.43651439877555676,-0.05443043110662038,0.35342608251070934,0.31,0.11,0.0
1.0737453732499047,0.3708710210282862,0.9452062873449113,0.326473696281414,0.7706493014425457,-1.2306648505602173,-0.03884928050260794,-0.7489863897568418,1.22,0.0,0.06
1.8443946746924504,-0.8597938295319313,0.9063570068423034,-0.4225126934754279,-3.964355846605873,2.8789376412345056,-1.6304722207819298,1.112191718052201,0.0,1.55,1.62
-2.1199611719134226,2.019143811702574,-0.7241152139396264,0.689679024576773,-0.025863224313523947,-0.19029668343262807,-0.036966452382854564,-0.04102295454597782,0.0,1.55,1.62
